-- phpMyAdmin SQL Dump
-- version 5.2.1
-- https://www.phpmyadmin.net/
--
-- Hôte : devbdd.iutmetz.univ-lorraine.fr
-- Généré le : ven. 06 mars 2026 à 17:12
-- Version du serveur : 10.3.39-MariaDB
-- Version de PHP : 8.2.20

SET SQL_MODE = "NO_AUTO_VALUE_ON_ZERO";
START TRANSACTION;
SET time_zone = "+00:00";


/*!40101 SET @OLD_CHARACTER_SET_CLIENT=@@CHARACTER_SET_CLIENT */;
/*!40101 SET @OLD_CHARACTER_SET_RESULTS=@@CHARACTER_SET_RESULTS */;
/*!40101 SET @OLD_COLLATION_CONNECTION=@@COLLATION_CONNECTION */;
/*!40101 SET NAMES utf8mb4 */;

--
-- Base de données : `e40250u_sae401`
--

-- --------------------------------------------------------

--
-- Structure de la table `batiment`
--

CREATE TABLE `batiment` (
  `id_bat` int(10) UNSIGNED NOT NULL,
  `nom_bat` varchar(50) NOT NULL,
  `ad_bat` varchar(100) NOT NULL
) ENGINE=InnoDB DEFAULT CHARSET=utf8mb4 COLLATE=utf8mb4_general_ci;

--
-- Déchargement des données de la table `batiment`
--

INSERT INTO `batiment` (`id_bat`, `nom_bat`, `ad_bat`) VALUES
(2, 'Lettres et Langues', 'Saulcy'),
(3, 'IUT de Metz', 'Saulcy');

-- --------------------------------------------------------

--
-- Structure de la table `departement`
--

CREATE TABLE `departement` (
  `id_dpt` int(10) UNSIGNED NOT NULL,
  `nom_dpt` varchar(50) NOT NULL
) ENGINE=InnoDB DEFAULT CHARSET=utf8mb4 COLLATE=utf8mb4_general_ci;

--
-- Déchargement des données de la table `departement`
--

INSERT INTO `departement` (`id_dpt`, `nom_dpt`) VALUES
(2, 'INFO'),
(3, 'SD');

-- --------------------------------------------------------

--
-- Structure de la table `devoir`
--

CREATE TABLE `devoir` (
  `id_devoir` int(10) UNSIGNED NOT NULL,
  `nom_devoir` varchar(100) NOT NULL,
  `date_devoir` date NOT NULL,
  `heure_devoir` time NOT NULL,
  `duree_devoir` time NOT NULL,
  `id_mat` int(10) UNSIGNED DEFAULT NULL
) ENGINE=InnoDB DEFAULT CHARSET=utf8mb4 COLLATE=utf8mb4_general_ci;

--
-- Déchargement des données de la table `devoir`
--

INSERT INTO `devoir` (`id_devoir`, `nom_devoir`, `date_devoir`, `heure_devoir`, `duree_devoir`, `id_mat`) VALUES
(39, '', '0000-00-00', '00:00:00', '00:00:00', NULL),
(40, '', '0000-00-00', '00:00:00', '00:00:00', NULL),
(41, '', '0000-00-00', '00:00:00', '00:00:00', NULL),
(42, '', '0000-00-00', '08:00:00', '01:00:00', NULL),
(43, '', '0000-00-00', '00:00:00', '00:00:00', NULL),
(44, 'ModSI', '2012-02-06', '13:45:00', '01:30:00', NULL),
(45, 'essai', '2012-02-06', '13:30:00', '01:30:00', NULL),
(46, 'toto', '2012-02-06', '13:00:00', '02:00:00', NULL),
(47, 'toto', '2012-02-06', '13:00:00', '02:00:00', NULL),
(48, 'toto', '2012-02-06', '13:00:00', '02:00:00', NULL),
(49, 'toto', '2012-02-06', '13:00:00', '02:00:00', NULL),
(50, 'ModSI', '2012-02-06', '13:45:00', '01:30:00', NULL),
(51, 'ModSI', '2012-02-06', '13:45:00', '01:30:00', NULL),
(52, 'sdfsdf', '2012-02-21', '14:00:00', '01:00:00', NULL),
(53, 'Mod SI', '2012-02-06', '13:45:00', '01:45:00', NULL),
(54, 'bfghffdgddd', '2012-02-24', '09:00:00', '02:00:00', NULL),
(55, 'bfghffdgddd', '2012-02-24', '09:00:00', '02:00:00', NULL),
(56, 'essai', '2012-02-13', '13:00:00', '02:00:00', NULL),
(57, 'bbb', '2012-02-14', '08:00:00', '02:00:00', NULL),
(58, 'ModSI', '2012-02-06', '13:45:00', '01:30:00', NULL),
(59, 'essai', '2012-02-21', '09:00:00', '01:00:00', NULL),
(60, 'sdgdg', '2012-02-13', '09:00:00', '01:00:00', NULL),
(61, 'toto', '2012-02-01', '10:00:00', '01:00:00', NULL),
(62, '', '0000-00-00', '11:00:00', '01:30:00', NULL),
(63, 'dsddd', '2012-02-20', '11:00:00', '02:00:00', NULL),
(64, 'bcfbcvb', '2012-02-13', '13:00:00', '02:00:00', NULL),
(65, 'Toto', '2012-02-13', '10:00:00', '02:00:00', NULL),
(66, 'gfhghghf', '2012-02-14', '09:00:00', '01:30:00', NULL),
(67, 'Essai', '2012-02-16', '10:00:00', '01:30:00', NULL),
(68, 'toto', '2012-02-22', '09:00:00', '01:00:00', NULL),
(69, 'Essai', '2012-02-15', '09:00:00', '02:00:00', NULL),
(70, 'Toto', '2012-02-23', '10:00:00', '02:00:00', NULL),
(71, 'sfds', '2012-02-23', '09:00:00', '01:00:00', NULL),
(72, 'mélange', '2012-02-23', '09:00:00', '01:30:00', NULL),
(73, 'sfsd', '2012-02-21', '10:00:00', '01:00:00', NULL),
(74, 'Michel', '2012-02-22', '08:00:00', '01:30:00', NULL),
(75, 'dddd', '2012-02-22', '08:00:00', '02:00:00', NULL),
(76, 'sddssfd', '2012-02-13', '09:00:00', '01:00:00', NULL),
(77, 'sddfsdfs', '2012-02-22', '08:00:00', '01:00:00', NULL),
(78, 'zeezerz', '2012-02-06', '09:00:00', '01:00:00', NULL),
(79, 'qzsdqsqdsdq', '2012-02-22', '09:00:00', '01:00:00', NULL),
(80, 'dfssdf', '2012-02-14', '09:15:00', '03:00:00', NULL),
(81, 'sqdsqdsqdsq', '2012-02-14', '09:00:00', '01:00:00', NULL),
(82, 'qxqx', '2012-02-15', '09:00:00', '01:00:00', NULL),
(83, 'dsfdfsfsd', '2012-02-14', '09:00:00', '01:00:00', NULL),
(84, 'zezeerz', '2012-02-22', '09:00:00', '01:00:00', NULL),
(85, 'sfdsfd', '2012-02-14', '09:00:00', '02:00:00', NULL),
(86, 'dsdssd', '2012-02-15', '10:00:00', '01:00:00', NULL),
(87, 'Test', '2012-02-01', '08:00:00', '01:00:00', NULL),
(88, '', '0000-00-00', '00:00:00', '00:00:00', NULL),
(89, 'ddd', '2012-02-22', '11:00:00', '01:00:00', NULL),
(90, 'jdjd', '2012-02-14', '09:00:00', '01:00:00', NULL),
(91, 'je ne sais quoi', '2012-02-22', '10:00:00', '01:00:00', NULL),
(92, 'dsdsfdfs', '2012-02-14', '09:00:00', '01:00:00', NULL),
(93, 'Mod SI', '2012-02-15', '09:00:00', '01:00:00', NULL),
(94, 'Mod SI', '2012-02-15', '09:00:00', '01:00:00', NULL),
(95, 'Mod SI', '2012-02-15', '09:00:00', '01:00:00', NULL),
(96, 'Mod SI', '2012-02-15', '09:00:00', '01:00:00', NULL),
(97, 'ree', '2012-02-22', '08:00:00', '02:00:00', NULL),
(98, 'bdd', '2012-02-23', '09:00:00', '02:00:00', NULL),
(99, 'bdd', '2012-03-22', '08:00:00', '02:00:00', NULL),
(100, 'dfgfd', '2012-03-14', '09:00:00', '01:00:00', NULL),
(101, 'fff', '2012-03-22', '08:00:00', '01:00:00', NULL),
(102, 'fff', '2012-03-22', '08:00:00', '01:00:00', NULL),
(103, 'sdfsdfsdf', '2012-03-12', '09:00:00', '02:00:00', NULL),
(104, 'qsfqsfsdf', '2012-03-20', '10:00:00', '03:00:00', NULL),
(105, 'bdd', '2012-03-22', '08:00:00', '01:00:00', NULL),
(106, 'bbbbbb', '2012-03-22', '09:00:00', '01:00:00', NULL),
(107, 'bbbbbb', '2012-03-22', '09:00:00', '01:00:00', NULL),
(108, 'bbbbbb', '2012-03-22', '09:00:00', '01:00:00', NULL),
(109, 'bbbbbb', '2012-03-22', '09:00:00', '01:00:00', NULL),
(110, 'toto', '2012-03-28', '09:00:00', '01:00:00', NULL),
(111, 'dfsdf', '2012-03-21', '10:00:00', '03:00:00', NULL),
(112, 'fff', '2012-03-20', '09:00:00', '01:00:00', NULL),
(113, 'ddd', '2012-03-13', '11:00:00', '01:00:00', NULL),
(114, 'ddd', '2012-03-19', '08:00:00', '01:00:00', NULL),
(115, 'tttt', '2012-03-12', '09:00:00', '01:00:00', NULL),
(116, 'toto', '2012-03-20', '09:00:00', '01:00:00', NULL),
(117, 'toto', '2012-03-20', '09:00:00', '01:00:00', NULL),
(118, 'toto', '2012-03-20', '09:00:00', '01:00:00', NULL),
(119, 'toto', '2012-03-13', '10:00:00', '01:00:00', NULL),
(120, 'nouveau', '2012-03-21', '12:00:00', '01:00:00', NULL),
(121, 'toto', '2012-03-28', '10:00:00', '01:00:00', NULL),
(122, 'ddd', '2012-03-21', '10:00:00', '01:00:00', NULL),
(123, 'efsdff', '2012-03-13', '10:00:00', '01:00:00', NULL),
(124, 'dd', '2012-03-26', '09:00:00', '01:00:00', NULL),
(125, 'fff', '2012-03-21', '10:00:00', '01:00:00', NULL),
(126, 'ccc', '2012-03-13', '11:00:00', '00:30:00', NULL),
(127, 'gfgf', '2012-03-21', '10:00:00', '01:00:00', NULL),
(128, 'ddd', '2012-03-28', '10:00:00', '01:00:00', NULL),
(129, 'dddd', '2012-03-28', '11:00:00', '01:00:00', NULL),
(130, 'sss', '2012-03-27', '14:00:00', '01:00:00', NULL),
(131, 'ddd', '2012-03-12', '10:00:00', '01:00:00', NULL),
(132, 'ddd', '2012-03-20', '10:00:00', '01:00:00', NULL),
(133, 'sss', '2012-03-27', '08:00:00', '02:00:00', NULL),
(134, 'ddd', '2012-03-20', '08:00:00', '02:00:00', NULL),
(135, 'ddd', '2012-03-13', '09:00:00', '01:00:00', NULL),
(136, 'fff', '2012-03-13', '09:00:00', '01:00:00', NULL),
(137, 'essai', '2012-03-14', '12:00:00', '02:00:00', NULL),
(138, 'klnk', '2012-03-06', '10:00:00', '01:00:00', NULL),
(139, 'sss', '2012-03-14', '09:00:00', '01:00:00', NULL),
(140, 'dddd', '2012-03-13', '10:00:00', '02:00:00', NULL),
(141, 'dd', '2012-03-14', '10:00:00', '01:00:00', NULL),
(142, 'fff', '2012-03-19', '11:00:00', '03:00:00', NULL),
(143, 'sss', '2012-03-05', '08:00:00', '01:00:00', NULL),
(144, 'ddd', '2012-03-05', '10:00:00', '00:30:00', NULL),
(145, 'jjj', '2012-03-13', '11:00:00', '01:00:00', NULL),
(146, 'tttt', '2012-03-14', '08:00:00', '02:00:00', NULL),
(147, 'jkjj', '2012-03-12', '10:00:00', '01:00:00', NULL),
(148, 'ddd', '2012-03-20', '10:00:00', '01:00:00', NULL),
(149, 'ddd', '2012-03-21', '10:00:00', '02:00:00', NULL),
(150, 'xxx', '2012-03-14', '10:00:00', '01:00:00', NULL),
(151, 'fff', '2012-03-22', '08:00:00', '02:00:00', NULL),
(152, 'fff', '2012-03-06', '11:00:00', '01:00:00', NULL),
(153, 'fff', '2012-03-06', '11:00:00', '01:00:00', NULL),
(154, 'ffff', '2012-03-07', '10:00:00', '01:00:00', NULL),
(155, '', '0000-00-00', '00:00:00', '00:00:00', NULL),
(156, 'eee', '2012-03-12', '09:00:00', '01:00:00', NULL),
(157, 'eee', '2012-03-27', '11:00:00', '02:00:00', NULL),
(158, 'dddd', '2012-03-20', '11:00:00', '01:15:00', NULL),
(159, 'xcxx', '2012-03-13', '08:00:00', '01:00:00', NULL),
(160, 'fff', '2012-03-06', '09:00:00', '01:00:00', NULL),
(161, 'bbb', '2012-03-14', '10:00:00', '01:00:00', NULL),
(162, 'dev', '2012-03-29', '08:00:00', '02:00:00', NULL),
(163, 'toto', '2012-03-28', '08:00:00', '02:00:00', NULL),
(164, 'essai', '2012-03-21', '09:00:00', '01:00:00', NULL),
(165, 'Grandmougin', '2012-03-08', '08:15:00', '01:00:00', NULL),
(166, 'ttt', '2012-03-20', '08:00:00', '01:00:00', NULL),
(167, 'ttt', '2012-03-20', '08:00:00', '01:00:00', NULL),
(168, '', '0000-00-00', '00:00:00', '00:00:00', NULL),
(169, 'rrr', '2012-03-21', '09:00:00', '01:00:00', NULL),
(170, 'fff', '2012-03-20', '10:00:00', '01:00:00', NULL),
(171, 'fff', '2012-03-20', '10:00:00', '01:00:00', NULL),
(172, 'michel', '2012-03-20', '09:00:00', '01:00:00', NULL),
(173, 'toto', '2012-03-28', '08:00:00', '01:00:00', NULL),
(174, 'fff', '2012-03-21', '09:00:00', '01:00:00', NULL),
(175, 'toto', '2012-03-28', '08:00:00', '01:00:00', NULL),
(176, 'ee', '2012-03-20', '12:00:00', '01:00:00', NULL),
(177, 'gg', '2012-03-06', '10:00:00', '01:00:00', NULL),
(178, 'ggg', '2012-03-20', '09:00:00', '01:00:00', NULL),
(179, 'ddd', '2012-03-13', '09:00:00', '01:00:00', NULL),
(180, 'vvv', '2012-03-21', '08:00:00', '01:00:00', NULL),
(181, 'essai', '2012-03-28', '08:00:00', '02:00:00', NULL),
(182, 'ddd', '2012-03-20', '10:00:00', '01:00:00', NULL),
(183, 'ff', '2012-03-28', '09:00:00', '01:00:00', NULL),
(184, 'dd', '2012-03-13', '09:00:00', '01:00:00', NULL),
(185, '', '0000-00-00', '00:00:00', '00:00:00', NULL),
(186, 'ddd', '2012-03-20', '10:00:00', '01:00:00', NULL),
(187, 'ddd', '2012-03-20', '10:00:00', '01:00:00', NULL),
(188, 'ff', '2012-03-22', '09:00:00', '01:00:00', NULL),
(189, 'sert à rien', '2012-03-28', '09:00:00', '01:00:00', NULL),
(190, 'toto', '2012-03-20', '11:00:00', '01:00:00', NULL),
(191, 'gg', '2012-03-27', '08:00:00', '01:00:00', NULL),
(192, 'dfff', '2012-03-27', '08:00:00', '02:00:00', NULL),
(193, 'nnn', '2012-03-21', '09:00:00', '01:00:00', NULL),
(194, 'dd', '2012-03-12', '09:00:00', '01:00:00', NULL),
(195, 'ccc', '2012-03-13', '08:00:00', '01:00:00', NULL),
(196, 'ffff', '2012-03-20', '10:00:00', '01:00:00', NULL),
(197, 'dd', '2012-03-06', '09:00:00', '01:00:00', NULL),
(198, 'nnn', '2012-03-19', '10:00:00', '01:00:00', NULL),
(199, 'bb', '2012-03-20', '08:00:00', '01:00:00', NULL),
(200, 'bb', '2012-03-12', '09:00:00', '01:00:00', NULL),
(201, 'hhh', '2012-03-27', '09:00:00', '01:00:00', NULL),
(202, 'lll', '2012-03-28', '09:00:00', '01:00:00', NULL),
(203, 'mmm', '2012-03-20', '10:00:00', '01:00:00', NULL),
(204, 'kkk', '2012-03-28', '09:00:00', '01:00:00', NULL),
(205, 'klk', '2012-03-28', '11:00:00', '01:00:00', NULL),
(206, 'klk', '2012-03-28', '11:00:00', '01:00:00', NULL),
(207, 'lmll', '2012-03-28', '13:00:00', '03:00:00', NULL),
(208, 'dd', '2012-03-29', '10:00:00', '01:00:00', NULL),
(209, 'ddd', '2012-03-29', '09:00:00', '01:00:00', NULL),
(210, 'fff', '2012-03-29', '08:00:00', '01:00:00', NULL),
(211, 'ccc', '2012-03-28', '09:00:00', '01:00:00', NULL),
(212, 'ccc', '2012-03-29', '09:00:00', '01:00:00', NULL),
(213, 'ccdc', '2012-03-29', '10:00:00', '02:00:00', NULL),
(214, 'LF', '2012-03-29', '10:00:00', '02:00:00', NULL),
(215, 'LF', '2012-03-29', '10:00:00', '02:00:00', NULL),
(216, 'ddd', '2012-03-29', '09:00:00', '01:00:00', NULL),
(217, 'MOA', '2012-03-29', '10:30:00', '01:00:00', NULL),
(218, 'MOA', '2012-03-29', '10:30:00', '01:00:00', NULL),
(219, 'MOA', '2012-03-29', '10:30:00', '01:00:00', NULL),
(220, 'MOA', '2012-03-29', '10:30:00', '01:00:00', NULL),
(221, 'MOA', '2012-03-29', '10:30:00', '01:00:00', NULL),
(222, 'zzz', '2012-03-29', '10:00:00', '01:00:00', NULL),
(223, 'moa', '2012-03-29', '10:30:00', '01:00:00', NULL),
(224, 'moa', '2012-03-29', '10:30:00', '01:00:00', NULL),
(225, 'ddd', '2012-03-28', '08:00:00', '02:00:00', NULL),
(226, 'moa', '2012-03-29', '10:30:00', '01:00:00', NULL),
(227, 'moa', '2012-03-29', '10:30:00', '01:00:00', NULL),
(228, 'dss', '2012-03-29', '09:00:00', '01:00:00', NULL),
(229, 'ff', '2012-03-29', '10:00:00', '01:00:00', NULL),
(230, 'ddd', '2012-03-29', '09:00:00', '01:00:00', NULL),
(231, 'ddd', '2012-03-29', '09:00:00', '01:00:00', NULL),
(232, 'fff', '2012-03-28', '09:00:00', '01:00:00', NULL),
(233, 'LF', '2012-03-29', '11:00:00', '01:00:00', NULL),
(234, 'dd', '2012-03-29', '09:00:00', '01:00:00', NULL),
(235, 'fff', '2012-03-29', '09:00:00', '01:00:00', NULL),
(236, 'fff', '2012-03-29', '09:00:00', '01:00:00', NULL),
(237, 'ygyhgj', '2012-03-29', '10:00:00', '01:00:00', NULL),
(238, 'ggg', '2012-03-28', '08:00:00', '01:00:00', NULL),
(239, 'ggg', '2012-03-28', '08:00:00', '01:00:00', NULL),
(240, 'xxx', '2012-03-29', '09:00:00', '01:00:00', NULL),
(241, 'ttt', '2012-03-29', '08:00:00', '02:00:00', NULL),
(242, 'fff', '2012-03-27', '10:00:00', '01:00:00', NULL),
(243, 'ff', '2012-03-29', '08:00:00', '01:00:00', NULL),
(244, 'hhh', '2012-03-29', '09:00:00', '02:00:00', NULL),
(245, 'hhh', '2012-03-28', '08:00:00', '02:00:00', NULL),
(246, 'hhh', '2012-03-28', '10:00:00', '02:00:00', NULL),
(247, 'Réseau', '2012-03-29', '10:00:00', '02:00:00', NULL),
(248, 'fff', '2012-03-29', '10:00:00', '02:00:00', NULL),
(249, 'ggg', '2012-03-20', '10:00:00', '01:00:00', NULL),
(250, ',,,', '2012-03-20', '09:00:00', '01:00:00', NULL),
(251, 'f', '2012-03-13', '08:00:00', '01:00:00', NULL),
(252, 'ccc', '2012-03-29', '09:00:00', '01:00:00', NULL),
(253, 'fff', '2012-03-29', '09:00:00', '01:00:00', NULL),
(254, 'hhh', '2012-03-13', '09:00:00', '01:00:00', NULL),
(255, 'fff', '2012-03-27', '08:00:00', '02:00:00', NULL),
(256, 'ffff', '2012-03-28', '09:00:00', '01:00:00', NULL),
(257, 'toto', '2012-03-29', '10:00:00', '01:00:00', NULL),
(258, 'yhh', '2012-03-28', '09:00:00', '01:00:00', NULL),
(259, 'hh', '2012-03-26', '10:00:00', '01:00:00', NULL),
(260, 'hh', '2012-03-28', '09:00:00', '01:00:00', NULL),
(261, 'ggg', '2012-03-29', '10:00:00', '01:00:00', NULL),
(262, 'hhh', '2012-03-28', '10:00:00', '01:00:00', NULL),
(263, 'hhh', '2012-03-20', '11:00:00', '01:00:00', NULL),
(264, 'hhhh', '2012-03-30', '09:00:00', '01:00:00', NULL),
(265, 'hjhjjh', '2012-03-26', '09:00:00', '01:00:00', NULL),
(266, 'kkk', '2012-03-30', '09:00:00', '01:00:00', NULL),
(267, 'jkljkljk', '2012-03-28', '10:00:00', '01:00:00', NULL),
(268, 'hjuhjhj', '2012-03-28', '08:00:00', '01:00:00', NULL),
(269, 'fff', '2012-03-29', '09:00:00', '01:00:00', NULL),
(270, 'jhjh', '2012-03-21', '10:00:00', '01:00:00', NULL),
(271, 'gggg', '2012-03-29', '10:00:00', '01:00:00', NULL),
(272, 'uuuu', '2012-03-28', '09:00:00', '01:00:00', NULL),
(273, 'vcxxvxcvcxv', '2012-03-27', '08:00:00', '01:00:00', NULL),
(274, 'ddd', '2012-04-02', '10:30:00', '01:30:00', NULL),
(275, 'ujj', '2012-04-02', '14:00:00', '01:30:00', NULL),
(276, 'Analyse', '2012-04-03', '10:00:00', '02:00:00', NULL),
(277, 'LA', '2012-04-03', '13:30:00', '01:30:00', NULL),
(278, 'jjj', '2012-04-25', '08:00:00', '02:00:00', NULL),
(279, 'jjj', '2012-04-25', '08:00:00', '02:00:00', NULL),
(280, 'bbb', '2012-04-25', '12:00:00', '02:00:00', NULL),
(281, 'gttt', '2012-04-17', '08:00:00', '02:00:00', NULL),
(282, 'ffff', '2012-04-26', '09:00:00', '03:00:00', NULL),
(283, 'vvv', '2012-04-24', '10:00:00', '01:00:00', NULL),
(284, 'test', '2012-04-27', '11:00:00', '02:30:00', NULL),
(285, 'test', '2012-04-27', '11:00:00', '02:30:00', NULL),
(286, 'huh', '2012-04-24', '09:00:00', '02:00:00', NULL),
(287, '', '2012-04-09', '08:00:00', '01:00:00', NULL),
(288, 'xxx', '2012-04-24', '10:00:00', '01:00:00', NULL),
(289, '', '2012-06-24', '08:30:00', '02:30:00', NULL),
(290, '', '2012-06-24', '08:30:00', '02:30:00', NULL),
(291, 'Test', '2012-10-31', '10:00:00', '02:00:00', NULL),
(292, 'toto', '2012-11-21', '08:00:00', '01:00:00', NULL),
(293, 'Graphes', '2012-11-06', '08:00:00', '01:00:00', NULL),
(294, 'ProbaStat', '2012-11-12', '11:30:00', '01:00:00', NULL),
(295, 'BdD', '2012-11-13', '08:00:00', '01:00:00', NULL),
(296, 'bdd', '2012-11-13', '08:00:00', '01:00:00', NULL),
(297, 'Bdd', '2012-11-13', '08:00:00', '01:00:00', NULL),
(298, 'bdd', '2012-11-13', '08:00:00', '01:00:00', NULL),
(299, 'Archi', '2012-11-14', '08:00:00', '02:00:00', NULL),
(300, 'bdd', '2012-11-13', '08:00:00', '01:00:00', NULL),
(301, 'dd', '2012-11-16', '14:00:00', '01:30:00', NULL),
(302, 'bdd', '2012-11-13', '08:00:00', '02:00:00', NULL),
(303, 'BdD', '2012-11-13', '08:00:00', '01:00:00', NULL),
(304, 'sdf', '2012-11-20', '08:00:00', '01:00:00', NULL),
(305, 'Stadler', '2012-11-21', '11:15:00', '01:00:00', NULL),
(306, 'Algo', '2012-11-21', '08:00:00', '02:00:00', NULL),
(307, 'Méthode Objet', '2012-11-28', '10:15:00', '01:00:00', NULL),
(308, 'Méthode Objet', '2012-11-28', '10:15:00', '01:00:00', NULL),
(309, 'BdD', '2012-12-12', '14:00:00', '01:30:00', NULL),
(310, '', '2012-12-17', '10:30:00', '01:00:00', NULL),
(311, 'Analyse Systémique', '2013-01-07', '08:00:00', '04:00:00', NULL),
(312, 'Algo-Ada', '2013-01-07', '14:00:00', '02:30:00', NULL),
(313, 'AlgoProg', '2013-01-07', '14:00:00', '02:30:00', NULL),
(314, 'AlgoProg', '2013-01-07', '14:00:00', '02:30:00', NULL),
(315, 'Maths Disc.', '2013-01-08', '08:30:00', '01:30:00', NULL),
(316, 'Maths Discrètes', '2013-01-08', '08:30:00', '01:30:00', NULL),
(317, 'Analyse', '2013-01-08', '10:30:00', '01:30:00', NULL),
(318, 'Archi', '2013-01-10', '08:00:00', '02:00:00', NULL),
(319, 'C++', '2013-01-08', '08:30:00', '01:30:00', NULL),
(320, 'Méth. Obj.', '2013-01-08', '10:30:00', '01:30:00', NULL),
(321, 'Proba. Stats', '2013-01-09', '08:30:00', '01:30:00', NULL),
(322, 'Graphe', '2013-01-09', '10:30:00', '01:30:00', NULL),
(323, 'Système', '2013-01-10', '10:30:00', '01:30:00', NULL),
(324, 'Réseaux', '2013-01-11', '14:00:00', '02:00:00', NULL),
(325, 'BdD', '2013-01-14', '08:00:00', '02:00:00', NULL),
(326, 'Assembleur', '2013-01-18', '16:00:00', '02:00:00', NULL),
(327, '', '0000-00-00', '00:00:00', '00:00:00', NULL),
(328, '', '0000-00-00', '00:00:00', '00:00:00', NULL),
(329, 'RI', '2013-01-24', '13:45:00', '02:00:00', NULL),
(330, 'Test', '2013-03-14', '09:00:00', '02:00:00', NULL),
(331, 'MELY-MARCHETTI', '2013-03-20', '08:00:00', '02:00:00', NULL),
(332, 'fff', '2013-03-20', '08:00:00', '02:00:00', NULL),
(333, 'MELY', '2013-03-27', '10:30:00', '01:30:00', NULL),
(334, 'Langage C', '2013-03-20', '08:00:00', '01:00:00', NULL),
(335, 'Réseaux', '2013-03-20', '09:00:00', '01:00:00', NULL),
(336, 'Fonctionnement Entre', '2013-03-26', '13:30:00', '01:00:00', NULL),
(337, '', '0000-00-00', '00:00:00', '00:00:00', NULL),
(338, 'Fonctionnement Entre', '2013-03-26', '13:30:00', '01:00:00', NULL),
(339, 'Analyse Numérique', '2013-03-27', '08:30:00', '01:30:00', NULL),
(340, 'Langages et Automate', '2013-03-27', '10:30:00', '01:30:00', NULL),
(341, 'Langage Fonctionnel', '2013-03-27', '14:00:00', '02:00:00', NULL),
(342, 'Système', '2013-03-28', '08:30:00', '01:30:00', NULL),
(343, 'Système', '2013-03-28', '08:30:00', '01:30:00', NULL),
(344, 'Système', '2013-03-28', '08:30:00', '01:30:00', NULL),
(345, 'Algèbre Linéaire', '2013-03-28', '14:00:00', '02:00:00', NULL),
(346, 'Analyse', '2013-04-02', '08:00:00', '02:00:00', NULL),
(347, 'Graphes', '2013-04-02', '10:30:00', '01:30:00', NULL),
(348, 'Prog. Objet Avancée', '2013-04-03', '08:00:00', '01:00:00', NULL),
(349, 'Java', '2013-03-28', '10:30:00', '01:00:00', NULL),
(350, 'Test', '2013-04-30', '09:00:00', '01:00:00', NULL),
(351, 'Fonctionnement Entre', '2013-04-02', '13:30:00', '01:00:00', NULL),
(352, '', '2013-04-03', '13:30:00', '02:00:00', NULL),
(353, '', '2013-04-03', '13:30:00', '02:00:00', NULL),
(354, 'Algo-Prog', '2013-04-10', '13:30:00', '02:00:00', NULL),
(355, 'test', '2013-04-09', '14:30:00', '02:30:00', NULL),
(356, 'Fonct', '2013-05-28', '09:15:00', '01:00:00', NULL),
(357, 'MELY', '2013-06-07', '10:30:00', '01:30:00', NULL),
(358, '', '2013-06-04', '13:30:00', '01:00:00', NULL),
(359, '', '2013-06-10', '08:30:00', '01:30:00', NULL),
(360, '', '2013-06-10', '08:30:00', '01:30:00', NULL),
(361, '', '2013-06-10', '10:30:00', '01:30:00', NULL),
(362, '', '2013-06-10', '10:30:00', '01:30:00', NULL),
(363, '', '2013-06-11', '08:30:00', '01:30:00', NULL),
(364, '', '2013-06-11', '08:30:00', '01:30:00', NULL),
(365, '', '2013-06-11', '10:00:00', '01:30:00', NULL),
(366, '', '2013-06-11', '10:00:00', '01:30:00', NULL),
(367, '', '2013-06-13', '10:30:00', '01:30:00', NULL),
(368, '', '2013-06-14', '08:30:00', '01:30:00', NULL),
(369, '', '2013-06-11', '09:00:00', '01:00:00', NULL),
(370, '', '2013-06-11', '09:00:00', '01:00:00', NULL),
(371, '', '2013-06-11', '09:00:00', '01:00:00', NULL),
(372, '', '2013-06-14', '08:00:00', '01:30:00', NULL),
(373, '', '2013-06-14', '10:00:00', '02:00:00', NULL),
(374, '', '2013-06-13', '08:00:00', '02:00:00', NULL),
(375, '', '2013-06-14', '10:30:00', '01:30:00', NULL),
(376, '', '2013-06-24', '09:00:00', '02:30:00', NULL),
(377, 'AlgoC', '2013-10-05', '10:30:00', '01:00:00', NULL),
(378, 'AlgoC', '2013-10-05', '10:30:00', '01:00:00', NULL),
(379, '', '2013-10-05', '08:00:00', '01:00:00', NULL),
(380, 'Fct org', '2013-10-07', '13:45:00', '01:30:00', NULL),
(381, 'Maths Disc', '2013-10-22', '09:15:00', '01:00:00', NULL),
(382, 'Maths Disc', '2013-10-22', '09:15:00', '01:00:00', NULL),
(383, 'archi', '2013-10-25', '08:00:00', '02:00:00', NULL),
(384, 'BdD', '2013-11-08', '08:00:00', '02:00:00', NULL),
(385, 'Gestion Info', '2013-11-08', '14:00:00', '01:30:00', NULL),
(386, 'Gestion Info', '2013-11-08', '14:00:00', '01:30:00', NULL),
(387, 'xbxc', '2013-11-14', '11:00:00', '01:00:00', NULL),
(388, 'xbxc', '2013-11-14', '11:00:00', '01:00:00', NULL),
(389, 'AlgoC', '2013-11-23', '09:00:00', '02:30:00', NULL),
(390, 'AlgoC', '2013-11-23', '09:00:00', '02:30:00', NULL),
(391, 'fra', '2013-11-22', '14:00:00', '01:30:00', NULL),
(392, '', '2013-11-28', '08:00:00', '02:00:00', NULL),
(393, '', '2013-11-28', '08:00:00', '02:00:00', NULL),
(394, '', '0000-00-00', '09:00:00', '02:00:00', NULL),
(395, '', '0000-00-00', '09:00:00', '02:00:00', NULL),
(396, '', '0000-00-00', '09:00:00', '03:00:00', NULL),
(397, '', '0000-00-00', '09:00:00', '03:00:00', NULL),
(398, '', '2013-11-12', '11:00:00', '02:00:00', NULL),
(399, '', '2013-11-12', '11:00:00', '02:00:00', NULL),
(400, '', '0000-00-00', '00:00:00', '00:00:00', NULL),
(401, '', '0000-00-00', '00:00:00', '00:00:00', NULL),
(402, '', '2013-12-10', '09:15:00', '01:00:00', NULL),
(403, 'Alg Lin et FctOrg', '2013-12-17', '08:00:00', '02:00:00', NULL),
(404, 'Alg', '2013-12-17', '08:00:00', '02:00:00', NULL),
(405, 'a', '2013-12-17', '08:00:00', '02:00:00', NULL),
(406, 'Réseaux', '2013-12-15', '08:00:00', '02:00:00', NULL),
(407, 'Analyse Systé', '2014-01-06', '08:00:00', '04:00:00', NULL),
(408, 'aa', '2014-01-07', '08:00:00', '01:30:00', NULL),
(409, 'dd', '2014-01-07', '10:30:00', '01:30:00', NULL),
(410, '', '2014-01-08', '08:30:00', '01:30:00', NULL),
(411, '', '2014-01-08', '08:30:00', '01:30:00', NULL),
(412, '', '2014-01-07', '10:30:00', '01:30:00', NULL),
(413, 'Maths', '2014-01-09', '09:00:00', '02:00:00', NULL),
(414, 'Maths', '2014-01-09', '09:00:00', '02:00:00', NULL),
(415, 'BdD', '2014-01-10', '08:30:00', '03:00:00', NULL),
(416, 'MELY', '2014-01-17', '10:30:00', '01:30:00', NULL),
(417, 'MELY', '2014-01-17', '10:30:00', '01:30:00', NULL),
(418, 'MELY', '2014-01-17', '10:30:00', '01:30:00', NULL),
(419, 'MELY', '2014-01-17', '10:30:00', '01:30:00', NULL),
(420, '', '2014-01-15', '09:00:00', '01:00:00', NULL),
(421, '', '2014-01-23', '09:00:00', '01:00:00', NULL),
(422, '', '2014-01-15', '09:00:00', '02:00:00', NULL),
(423, '', '2014-01-15', '09:00:00', '02:00:00', NULL),
(424, '', '2014-01-20', '13:45:00', '02:00:00', NULL),
(425, '', '2014-01-20', '13:45:00', '02:00:00', NULL),
(426, '', '2014-01-20', '13:45:00', '02:00:00', NULL),
(427, 'Analyse', '2014-02-25', '09:15:00', '01:00:00', NULL),
(428, '', '2014-03-27', '10:30:00', '02:00:00', NULL),
(429, '', '2014-03-27', '10:30:00', '01:30:00', NULL),
(430, 'POO', '2014-03-27', '08:15:00', '01:30:00', NULL),
(431, 'POO', '2014-03-27', '08:15:00', '01:30:00', NULL),
(432, 'POO', '2014-03-27', '08:15:00', '01:30:00', NULL),
(433, '', '2014-03-28', '08:00:00', '02:00:00', NULL),
(434, '', '2014-03-28', '08:00:00', '02:00:00', NULL),
(435, '', '2014-03-31', '10:00:00', '02:00:00', NULL),
(436, '', '2014-03-31', '14:00:00', '01:30:00', NULL),
(437, '', '2014-03-31', '16:30:00', '01:30:00', NULL),
(438, '', '2014-04-01', '10:30:00', '01:30:00', NULL),
(439, '', '2014-04-01', '14:00:00', '01:00:00', NULL),
(440, 'MELY', '2014-04-04', '10:30:00', '01:30:00', NULL),
(441, '', '2014-04-05', '09:00:00', '02:00:00', NULL),
(442, '', '2014-04-15', '08:30:00', '01:30:00', NULL),
(443, '', '2014-04-15', '10:30:00', '01:30:00', NULL),
(444, 'Conception Objets', '2014-04-25', '10:30:00', '01:45:00', NULL),
(445, 'Conception Objets', '2014-04-25', '10:30:00', '01:45:00', NULL),
(446, 'Conception Objets', '2014-04-25', '10:30:00', '01:45:00', NULL),
(447, 'Conception Objets', '2014-04-25', '10:30:00', '01:45:00', NULL),
(448, 'Conception Objets', '2014-04-25', '10:30:00', '01:45:00', NULL),
(449, 'rezo', '2014-05-19', '10:00:00', '01:00:00', NULL),
(450, '', '2014-05-13', '16:00:00', '01:30:00', NULL),
(451, '', '2014-05-13', '16:00:00', '01:30:00', NULL),
(452, '', '2014-05-13', '16:00:00', '01:30:00', NULL),
(453, '', '2014-05-15', '16:00:00', '01:30:00', NULL),
(454, 'MELY', '2014-05-30', '09:00:00', '01:00:00', NULL),
(455, '', '0000-00-00', '08:30:00', '01:30:00', NULL),
(456, '', '2014-06-06', '08:00:00', '02:00:00', NULL),
(457, '', '2014-06-11', '08:30:00', '01:30:00', NULL),
(458, '', '2014-06-11', '10:30:00', '01:30:00', NULL),
(459, '', '2014-06-13', '09:00:00', '01:00:00', NULL),
(460, '', '2014-06-13', '09:00:00', '01:00:00', NULL),
(461, '', '2014-06-13', '08:00:00', '01:00:00', NULL),
(462, '', '2014-06-18', '08:00:00', '01:00:00', NULL),
(463, '', '2014-06-13', '08:00:00', '01:00:00', NULL),
(464, '', '0000-00-00', '00:00:00', '00:00:00', NULL),
(465, '', '2014-06-13', '08:30:00', '01:30:00', NULL),
(466, 'MELY', '2014-06-16', '08:30:00', '01:30:00', NULL),
(467, 'MELY', '2014-06-23', '08:30:00', '01:30:00', NULL),
(468, '', '2014-06-19', '10:30:00', '01:30:00', NULL),
(469, '', '2014-10-04', '10:15:00', '01:00:00', NULL),
(470, '', '2014-10-04', '10:15:00', '01:00:00', NULL),
(471, '', '2014-09-25', '08:00:00', '01:00:00', NULL),
(472, '', '2014-09-16', '08:00:00', '01:00:00', NULL),
(473, '', '2014-10-14', '13:45:00', '02:00:00', NULL),
(474, '', '2014-10-14', '13:45:00', '02:00:00', NULL),
(475, '', '0000-00-00', '00:00:00', '00:00:00', NULL),
(476, '', '2014-10-20', '11:30:00', '01:00:00', NULL),
(477, '', '2014-10-21', '13:45:00', '02:00:00', NULL),
(478, '', '2014-10-21', '13:45:00', '02:00:00', NULL),
(479, '', '2014-10-22', '08:00:00', '02:00:00', NULL),
(480, 'a', '2014-10-22', '10:00:00', '02:00:00', NULL),
(481, 'a', '2014-10-22', '10:00:00', '02:00:00', NULL),
(482, 'a', '2014-10-22', '10:00:00', '02:00:00', NULL),
(483, 'a', '2014-10-22', '13:30:00', '02:00:00', NULL),
(484, '', '2014-11-03', '08:00:00', '02:00:00', NULL),
(485, '', '2014-11-05', '08:00:00', '02:00:00', NULL),
(486, '', '2014-11-07', '16:00:00', '01:00:00', NULL),
(487, '', '2014-11-15', '08:30:00', '02:15:00', NULL),
(488, '', '2014-11-25', '14:00:00', '01:00:00', NULL),
(489, '', '2014-11-25', '14:00:00', '01:00:00', NULL),
(490, 'bdd', '2014-11-28', '10:30:00', '02:00:00', NULL),
(491, 'Marchetti', '2014-12-01', '08:30:00', '01:15:00', NULL),
(492, '', '2014-12-01', '08:30:00', '01:30:00', NULL),
(493, 'Marchetti', '2014-12-08', '11:00:00', '01:15:00', NULL),
(494, 'Marchetti', '2014-12-08', '11:00:00', '01:15:00', NULL),
(495, 'Marchetti', '2014-12-08', '11:00:00', '01:15:00', NULL),
(496, '', '2014-12-09', '14:00:00', '01:00:00', NULL),
(497, '', '2014-12-09', '14:00:00', '01:00:00', NULL),
(498, 'Marchetti', '2015-01-06', '10:30:00', '01:15:00', NULL),
(499, '', '2015-01-06', '08:30:00', '01:30:00', NULL),
(500, '', '2015-01-07', '08:30:00', '01:30:00', NULL),
(501, '', '2015-01-07', '10:30:00', '01:30:00', NULL),
(502, '', '2015-01-07', '10:30:00', '01:30:00', NULL),
(503, '', '2015-01-07', '10:30:00', '01:30:00', NULL),
(504, '', '0000-00-00', '00:00:00', '00:00:00', NULL),
(505, '', '2015-01-07', '10:30:00', '01:30:00', NULL),
(506, '', '2015-01-07', '08:30:00', '01:30:00', NULL),
(507, '', '2015-01-07', '08:30:00', '01:30:00', NULL),
(508, '', '2015-01-07', '08:30:00', '01:30:00', NULL),
(509, '', '2015-01-07', '08:30:00', '01:30:00', NULL),
(510, '', '2015-01-07', '08:30:00', '01:30:00', NULL),
(511, '', '2015-01-07', '08:30:00', '01:30:00', NULL),
(512, '', '2015-01-07', '08:30:00', '01:30:00', NULL),
(513, '', '2015-01-07', '08:30:00', '01:30:00', NULL),
(514, '', '2015-01-07', '08:30:00', '01:30:00', NULL),
(515, '', '2015-01-07', '08:30:00', '01:30:00', NULL),
(516, '', '2015-01-07', '08:30:00', '01:30:00', NULL),
(517, '', '2015-01-07', '08:30:00', '01:30:00', NULL),
(518, '', '2015-01-07', '08:30:00', '01:30:00', NULL),
(519, '', '2015-01-07', '08:30:00', '01:30:00', NULL),
(520, '', '2015-01-07', '08:30:00', '01:30:00', NULL),
(521, '', '2015-01-07', '08:30:00', '01:30:00', NULL),
(522, '', '2015-01-07', '08:30:00', '01:30:00', NULL),
(523, '', '2015-01-07', '08:30:00', '01:30:00', NULL),
(524, '', '2015-01-07', '08:30:00', '01:30:00', NULL),
(525, '', '2015-01-07', '08:30:00', '01:30:00', NULL),
(526, '', '2015-01-07', '08:30:00', '01:30:00', NULL),
(527, '', '2015-01-07', '08:30:00', '01:30:00', NULL),
(528, '', '2015-01-07', '08:30:00', '01:30:00', NULL),
(529, '', '2015-01-07', '08:30:00', '01:30:00', NULL),
(530, '', '2015-01-07', '08:30:00', '01:30:00', NULL),
(531, '', '2015-01-07', '10:30:00', '01:30:00', NULL),
(532, '', '2015-01-07', '10:30:00', '01:30:00', NULL),
(533, '', '2015-01-08', '10:00:00', '02:00:00', NULL),
(534, 'MELY', '2015-01-07', '10:30:00', '01:00:00', NULL),
(535, '', '2015-01-09', '13:00:00', '02:00:00', NULL),
(536, '', '2015-01-09', '13:00:00', '02:00:00', NULL),
(537, '', '0000-00-00', '09:00:00', '02:00:00', NULL),
(538, '', '2015-01-12', '08:00:00', '04:00:00', NULL),
(539, '', '0000-00-00', '08:00:00', '04:00:00', NULL),
(540, '', '2015-01-12', '08:00:00', '04:00:00', NULL),
(541, '', '2015-01-14', '09:00:00', '02:00:00', NULL),
(542, '', '2015-01-14', '09:00:00', '02:00:00', NULL),
(543, '', '2015-01-15', '09:00:00', '01:00:00', NULL),
(544, 'fbx', '2015-01-22', '09:00:00', '02:00:00', NULL),
(545, 'ddd', '2015-02-24', '09:00:00', '01:00:00', NULL),
(546, 'ddd', '2015-02-24', '09:00:00', '01:00:00', NULL),
(547, 'ddd', '2015-02-24', '09:00:00', '01:00:00', NULL),
(548, 'moas', '2015-02-27', '10:30:00', '01:15:00', NULL),
(549, 'COAS', '2015-02-27', '10:30:00', '01:30:00', NULL),
(550, '', '2015-03-02', '10:30:00', '01:30:00', NULL),
(551, '', '2015-03-11', '08:00:00', '01:00:00', NULL),
(552, '', '2015-03-11', '08:00:00', '01:00:00', NULL),
(553, '', '2015-03-16', '08:00:00', '02:00:00', NULL),
(554, '', '2015-03-23', '08:00:00', '02:00:00', NULL),
(555, '', '2015-03-23', '10:30:00', '02:00:00', NULL),
(556, '', '2015-03-25', '10:15:00', '02:00:00', NULL),
(557, '', '2015-03-26', '09:00:00', '02:30:00', NULL),
(558, '', '2015-03-27', '10:30:00', '02:00:00', NULL),
(559, 'MELY', '2015-03-25', '09:00:00', '01:00:00', NULL),
(560, 'MELY', '2015-03-25', '09:00:00', '01:00:00', NULL),
(561, '', '2015-03-30', '10:00:00', '02:00:00', NULL),
(562, '', '2015-05-06', '13:30:00', '02:00:00', NULL),
(563, '', '2015-05-12', '16:00:00', '01:30:00', NULL),
(564, '', '2015-05-12', '16:00:00', '01:30:00', NULL),
(565, '', '2015-05-18', '08:00:00', '01:00:00', NULL),
(566, '', '2015-05-18', '08:00:00', '01:00:00', NULL),
(567, 'Marchetti', '2015-05-20', '13:30:00', '01:30:00', NULL),
(568, 'Marchetti', '2015-05-20', '13:30:00', '01:30:00', NULL),
(569, 'MELY', '2015-06-11', '08:30:00', '01:30:00', NULL),
(570, 'MELY', '2015-06-11', '08:30:00', '01:30:00', NULL),
(571, '', '2015-06-11', '09:00:00', '01:00:00', NULL),
(572, 'Mme Mely', '2015-06-11', '08:30:00', '01:30:00', NULL),
(573, '', '2015-06-08', '08:00:00', '02:00:00', NULL),
(574, '', '2015-06-09', '08:30:00', '01:30:00', NULL),
(575, '', '2015-06-09', '11:00:00', '01:00:00', NULL),
(576, '', '2015-06-09', '11:00:00', '01:00:00', NULL),
(577, 'MELY', '2015-06-08', '10:00:00', '01:00:00', NULL),
(578, '', '2015-06-10', '08:30:00', '01:30:00', NULL),
(579, '', '2015-06-10', '08:30:00', '01:30:00', NULL),
(580, '', '2015-09-18', '13:45:00', '02:00:00', NULL),
(581, '', '2015-10-06', '09:00:00', '01:00:00', NULL),
(582, '', '2015-10-06', '09:00:00', '01:00:00', NULL),
(583, '', '2015-10-06', '08:00:00', '01:00:00', NULL),
(584, '', '2015-10-06', '08:00:00', '01:00:00', NULL),
(585, '', '2015-10-06', '09:00:00', '01:00:00', NULL),
(586, '', '2015-10-06', '09:00:00', '01:00:00', NULL),
(587, '', '2015-10-12', '08:30:00', '01:00:00', NULL),
(588, '', '2015-10-12', '08:30:00', '01:30:00', NULL),
(589, '', '2015-10-12', '08:30:00', '01:30:00', NULL),
(590, '', '2015-10-12', '08:30:00', '01:30:00', NULL),
(591, '', '2015-10-12', '08:30:00', '01:30:00', NULL),
(592, 'Marchetti', '2015-10-19', '08:00:00', '02:00:00', NULL),
(593, 'Marchetti', '2015-10-19', '08:00:00', '02:00:00', NULL),
(594, 'Zertal', '2015-10-19', '08:00:00', '02:00:00', NULL),
(595, '', '2015-10-19', '08:00:00', '02:00:00', NULL),
(596, '', '2015-10-19', '08:00:00', '02:00:00', NULL),
(597, '', '2015-10-20', '13:30:00', '01:00:00', NULL),
(598, '', '2015-10-20', '08:30:00', '01:30:00', NULL),
(599, '', '2015-10-20', '08:30:00', '01:30:00', NULL),
(600, '', '2015-10-20', '08:30:00', '01:30:00', NULL),
(601, '', '2015-10-20', '08:30:00', '01:30:00', NULL),
(602, '', '2015-10-20', '08:30:00', '01:30:00', NULL),
(603, '', '2015-10-20', '08:30:00', '01:30:00', NULL),
(604, '', '2015-10-20', '08:30:00', '01:30:00', NULL),
(605, '', '2015-10-20', '08:30:00', '01:30:00', NULL),
(606, '', '2015-11-07', '10:15:00', '01:30:00', NULL),
(607, '', '2015-11-12', '13:45:00', '01:30:00', NULL),
(608, '', '2015-11-13', '13:45:00', '01:00:00', NULL),
(609, '', '2015-11-14', '08:30:00', '02:30:00', NULL),
(610, '', '2015-11-13', '15:00:00', '02:00:00', NULL),
(611, '', '2015-11-20', '14:00:00', '01:30:00', NULL),
(612, '', '2015-11-21', '08:00:00', '03:00:00', NULL),
(613, '', '2015-11-21', '08:00:00', '03:00:00', NULL),
(614, '', '0000-00-00', '13:45:00', '01:30:00', NULL),
(615, '', '2015-11-27', '13:45:00', '01:30:00', NULL),
(616, '', '2015-12-01', '10:30:00', '01:45:00', NULL),
(617, '', '2015-12-09', '10:15:00', '01:45:00', NULL),
(618, 'C', '2015-12-14', '10:30:00', '01:00:00', NULL),
(619, '', '2016-01-04', '14:00:00', '01:00:00', NULL),
(620, '', '2016-01-04', '14:00:00', '01:00:00', NULL),
(621, '', '2016-01-04', '14:00:00', '01:00:00', NULL),
(622, '', '2016-01-04', '14:00:00', '01:00:00', NULL),
(623, '', '2016-01-06', '08:30:00', '01:30:00', NULL),
(624, '', '2016-01-05', '08:00:00', '02:00:00', NULL),
(625, '', '2016-01-05', '08:00:00', '02:00:00', NULL),
(626, '', '2016-01-06', '10:30:00', '01:30:00', NULL),
(627, '', '2016-01-08', '13:30:00', '01:00:00', NULL),
(628, '', '2016-01-11', '13:30:00', '01:30:00', NULL),
(629, '', '2016-01-11', '13:30:00', '01:30:00', NULL),
(630, '', '2016-01-11', '15:15:00', '01:30:00', NULL),
(631, '', '2016-01-11', '15:15:00', '01:30:00', NULL),
(632, '', '2016-01-12', '08:00:00', '02:00:00', NULL),
(633, '', '2016-01-12', '08:00:00', '02:00:00', NULL),
(634, '', '2016-01-12', '08:00:00', '02:00:00', NULL),
(635, '', '2016-01-12', '08:00:00', '02:00:00', NULL),
(636, '', '2016-01-13', '14:00:00', '04:00:00', NULL),
(637, '', '2016-01-13', '08:00:00', '02:00:00', NULL),
(638, '', '2016-01-13', '08:00:00', '02:00:00', NULL),
(639, 'MELY', '2016-01-28', '11:30:00', '01:00:00', NULL),
(640, 'MELY', '2016-01-28', '11:30:00', '01:00:00', NULL),
(641, 'fff', '2016-02-17', '08:00:00', '01:00:00', NULL),
(642, '', '2016-02-17', '09:00:00', '01:00:00', NULL),
(643, '', '2016-02-26', '16:00:00', '01:30:00', NULL),
(644, '', '2016-02-29', '08:00:00', '01:30:00', NULL),
(645, '', '2016-03-11', '10:30:00', '02:00:00', NULL),
(646, '', '2016-03-14', '08:30:00', '01:30:00', NULL),
(647, '', '2016-03-14', '08:30:00', '01:30:00', NULL),
(648, '', '2016-03-24', '10:00:00', '02:00:00', NULL),
(649, '', '2016-03-24', '13:45:00', '02:00:00', NULL),
(650, '', '2016-03-24', '08:00:00', '02:00:00', NULL),
(651, '', '2016-03-29', '10:00:00', '02:00:00', NULL),
(652, '', '2016-03-29', '14:00:00', '02:00:00', NULL),
(653, '', '2016-03-29', '09:00:00', '01:00:00', NULL),
(654, '', '2016-03-29', '09:00:00', '01:00:00', NULL),
(655, '', '2016-03-23', '10:30:00', '01:30:00', NULL),
(656, '', '2016-03-23', '10:30:00', '01:30:00', NULL),
(657, '', '2016-03-30', '10:30:00', '01:30:00', NULL),
(658, '', '2016-03-30', '10:30:00', '01:30:00', NULL),
(659, '', '2016-03-02', '09:00:00', '01:00:00', NULL),
(660, '', '2016-03-08', '10:00:00', '01:00:00', NULL),
(661, 'CO', '2016-03-30', '16:00:00', '01:45:00', NULL),
(662, 'Mely', '2016-04-22', '10:30:00', '01:00:00', NULL),
(663, '', '2016-04-30', '08:00:00', '02:00:00', NULL),
(664, '', '2016-04-30', '10:15:00', '02:00:00', NULL),
(665, '', '2016-05-09', '09:30:00', '00:00:00', NULL),
(666, '', '2016-05-09', '09:00:00', '00:00:00', NULL),
(667, '', '2016-05-23', '08:00:00', '02:00:00', NULL),
(668, '', '2016-05-23', '08:00:00', '02:00:00', NULL),
(669, '', '2016-05-24', '09:15:00', '00:00:00', NULL),
(670, '', '2016-05-24', '10:30:00', '02:00:00', NULL),
(671, '', '2016-05-26', '10:30:00', '02:00:00', NULL),
(672, 'Test PL', '2016-05-04', '12:00:00', '03:00:00', NULL),
(673, 'Test PL', '2016-05-04', '12:00:00', '03:00:00', NULL),
(674, 'brgh', '0000-00-00', '08:00:00', '00:45:00', NULL),
(675, 'brgh', '0000-00-00', '08:00:00', '00:45:00', NULL),
(676, 'Test', '2016-05-03', '09:00:00', '03:00:00', NULL),
(677, 'Test', '2016-05-03', '09:00:00', '03:00:00', NULL),
(678, 'ftr', '2016-05-11', '09:00:00', '01:00:00', NULL),
(679, '', '2016-05-17', '11:00:00', '01:00:00', NULL),
(680, '', '2016-05-17', '11:00:00', '01:00:00', NULL),
(681, '', '2016-05-17', '11:00:00', '01:00:00', NULL),
(682, '00 2016-05-27', '2016-05-27', '11:00:00', '01:00:00', NULL),
(683, '00 25/05/2016', '0000-00-00', '08:00:00', '01:00:00', NULL),
(684, '00 01/05/2016', '2016-05-01', '14:00:00', '06:00:00', NULL),
(685, '45 24/05/2016', '2016-05-24', '11:45:00', '03:00:00', NULL),
(686, '00 25/05/2016', '2016-05-25', '11:00:00', '00:00:00', NULL),
(687, '30 11/05/2016', '2016-05-11', '11:30:00', '02:30:00', NULL),
(688, '00 10/05/2016', '2016-05-10', '10:00:00', '01:00:00', NULL),
(689, '00 11/05/2016', '2016-05-11', '10:00:00', '01:00:00', NULL),
(690, '00 12/05/2016', '2016-05-12', '09:00:00', '01:00:00', NULL),
(691, '00 12/05/2016', '2016-05-12', '09:00:00', '01:00:00', NULL),
(692, '00 03/05/2016', '2016-05-03', '10:00:00', '02:00:00', NULL),
(693, 'A ', '0000-00-00', '00:00:00', '00:00:00', NULL),
(694, '00 04/05/2016', '2016-05-04', '09:00:00', '02:00:00', NULL),
(695, '00 04/05/2016', '2016-05-04', '09:00:00', '02:00:00', NULL),
(696, 'A ', '0000-00-00', '00:00:00', '00:00:00', NULL),
(697, '30 01/06/2015', '2015-06-01', '13:30:00', '01:00:00', NULL),
(698, '00 16/06/2016', '2016-06-16', '10:00:00', '01:00:00', NULL),
(699, '00 07/06/2016', '2016-06-07', '09:00:00', '01:00:00', NULL),
(700, '00 15/06/2016', '2016-06-15', '09:00:00', '01:30:00', NULL),
(701, '30 ', '0000-00-00', '08:30:00', '01:30:00', NULL),
(702, '30 15/06/2016', '2016-06-15', '08:30:00', '01:30:00', NULL),
(703, '00 ', '0000-00-00', '08:00:00', '01:00:00', NULL),
(704, '00 17/10/2016', '2016-00-17', '16:00:00', '01:30:00', NULL),
(705, '00 20/10/2016', '2016-00-20', '09:00:00', '01:00:00', NULL),
(706, '45 ', '0000-00-00', '14:45:00', '01:00:00', NULL),
(707, '45 10/10/2016', '2016-00-10', '14:45:00', '01:00:00', NULL),
(708, '45 10/10/2016', '2016-00-10', '14:45:00', '01:00:00', NULL),
(709, '45 04/10/2016', '2016-00-04', '13:45:00', '00:00:00', NULL),
(710, '00 11/10/2016', '2016-00-11', '08:00:00', '02:00:00', NULL),
(711, '00 11/10/2016', '2016-00-11', '08:00:00', '02:00:00', NULL),
(712, '00 11/10/2016', '2016-00-11', '08:00:00', '02:00:00', NULL),
(713, '00 18/10/2016', '2016-00-18', '08:00:00', '01:00:00', NULL),
(714, '30 17/10/2016', '2016-00-17', '15:30:00', '01:30:00', NULL),
(715, '30 17/10/2016', '2016-00-17', '15:30:00', '01:30:00', NULL),
(716, '15 31/10/2016', '2016-00-31', '09:15:00', '01:00:00', NULL),
(717, '00 02/11/2016', '2016-01-02', '08:00:00', '02:00:00', NULL),
(718, '00 07/11/2016', '2016-01-07', '08:00:00', '01:30:00', NULL),
(719, '30 23/11/2016', '2016-01-23', '11:30:00', '01:00:00', NULL),
(720, '30 21/11/2016', '2016-01-21', '13:30:00', '02:15:00', NULL),
(721, '30 21/11/2016', '2016-01-21', '13:30:00', '02:15:00', NULL),
(722, '30 21/11/2016', '2016-01-21', '13:30:00', '02:15:00', NULL),
(723, '30 23/11/2016', '2016-01-23', '11:30:00', '01:00:00', NULL),
(724, '30 23/11/2016', '2016-01-23', '11:30:00', '01:00:00', NULL),
(725, '00 28/11/2016', '2016-01-28', '08:00:00', '01:00:00', NULL),
(726, '00 28/11/2016', '2016-01-28', '09:00:00', '01:00:00', NULL),
(727, '30 05/12/2016', '2016-02-05', '08:30:00', '01:30:00', NULL),
(728, '30 05/12/2016', '2016-02-05', '08:30:00', '01:30:00', NULL),
(729, '00 06/12/2016', '2016-02-06', '08:00:00', '02:00:00', NULL),
(730, '00 12/12/2016', '2016-02-12', '08:00:00', '01:00:00', NULL),
(731, '00 12/12/2016', '2016-02-12', '08:00:00', '02:00:00', NULL),
(732, '00 10/01/2017', '2017-01-10', '15:00:00', '01:00:00', NULL),
(733, '00 11/01/2017', '2017-01-11', '08:00:00', '02:00:00', NULL),
(734, '00 18/01/2017', '2017-01-18', '09:00:00', '01:00:00', NULL),
(735, '00 18/01/2017', '2017-01-18', '09:00:00', '01:00:00', NULL),
(736, '45 16/01/2017', '2017-01-16', '13:45:00', '01:30:00', NULL),
(737, '45 16/01/2017', '2017-01-16', '13:45:00', '01:30:00', NULL),
(738, '00 17/01/2017', '2017-01-17', '08:00:00', '02:00:00', NULL),
(739, '00 17/01/2017', '2017-01-17', '08:00:00', '02:00:00', NULL),
(740, '30 18/01/2017', '2017-01-18', '08:30:00', '02:00:00', NULL),
(741, '30 18/01/2017', '2017-01-18', '08:30:00', '02:00:00', NULL),
(742, '00 17/01/2017', '2017-01-17', '11:00:00', '01:00:00', NULL),
(743, '45 13/01/2017', '2017-01-13', '13:45:00', '01:30:00', NULL),
(744, '00 11/01/2017', '2017-01-11', '09:00:00', '01:00:00', NULL),
(745, '00 17/01/2017', '2017-01-17', '11:00:00', '01:30:00', NULL),
(746, '00 17/01/2017', '2017-01-17', '11:00:00', '01:30:00', NULL),
(747, '00 17/01/2017', '2017-01-17', '14:00:00', '01:30:00', NULL),
(748, '00 17/01/2017', '2017-01-17', '14:00:00', '01:30:00', NULL),
(749, '30 18/01/2017', '2017-01-18', '08:30:00', '02:00:00', NULL),
(750, '30 24/01/2017', '2017-01-24', '08:30:00', '01:30:00', NULL),
(751, '00 25/01/2017', '2017-01-25', '10:00:00', '02:00:00', NULL),
(752, '00 25/01/2017', '2017-01-25', '10:00:00', '02:00:00', NULL),
(753, '00 30/01/2017', '2017-01-30', '09:00:00', '01:00:00', NULL),
(754, '00 30/01/2017', '2017-01-30', '09:00:00', '01:00:00', NULL),
(755, '00 30/01/2017', '2017-01-30', '09:00:00', '01:00:00', NULL),
(756, '00 30/01/2017', '2017-01-30', '09:00:00', '01:00:00', NULL),
(757, '30 06/02/2017', '2017-02-06', '08:30:00', '01:30:00', NULL),
(758, '30 13/02/2017', '2017-02-13', '08:30:00', '01:30:00', NULL),
(759, '00 03/03/2017', '2017-03-03', '14:00:00', '01:00:00', NULL),
(760, '45 15/03/2017', '2017-03-15', '13:45:00', '01:30:00', NULL),
(761, '45 15/03/2017', '2017-03-15', '13:45:00', '01:30:00', NULL),
(762, '45 17/03/2017', '2017-03-17', '13:45:00', '01:30:00', NULL),
(763, '30 23/03/2017', '2017-03-23', '10:30:00', '01:45:00', NULL),
(764, '00 27/03/2017', '2017-03-27', '09:00:00', '01:00:00', NULL),
(765, '30 30/03/2017', '2017-03-30', '08:30:00', '01:30:00', NULL),
(766, '30 31/03/2017', '2017-03-31', '13:30:00', '01:30:00', NULL),
(767, '30 03/04/2017', '2017-04-03', '10:30:00', '01:30:00', NULL),
(768, '30 03/04/2017', '2017-04-03', '10:30:00', '01:30:00', NULL),
(769, '00 03/04/2017', '2017-04-03', '08:00:00', '02:00:00', NULL),
(770, '45 03/04/2017', '2017-04-03', '13:45:00', '02:00:00', NULL),
(771, '00 03/04/2017', '2017-04-03', '14:00:00', '01:30:00', NULL),
(772, '00 03/04/2017', '2017-04-03', '14:00:00', '01:30:00', NULL),
(773, '30 04/04/2017', '2017-04-04', '10:30:00', '01:30:00', NULL),
(774, '45 04/04/2017', '2017-04-04', '13:45:00', '01:30:00', NULL),
(775, '00 07/04/2017', '2017-04-07', '16:00:00', '01:30:00', NULL),
(776, '00 07/04/2017', '2017-04-07', '16:00:00', '02:00:00', NULL),
(777, '00 07/04/2017', '2017-04-07', '16:00:00', '02:00:00', NULL),
(778, '00 07/04/2017', '2017-04-07', '16:00:00', '02:00:00', NULL),
(779, '00 10/05/2017', '2017-05-10', '15:00:00', '00:30:00', NULL),
(780, '00 10/05/2017', '2017-05-10', '15:00:00', '00:30:00', NULL),
(781, '00 06/05/2017', '2017-05-06', '08:00:00', '02:00:00', NULL),
(782, '45 10/05/2017', '2017-05-10', '14:45:00', '00:30:00', NULL),
(783, '30 17/05/2017', '2017-05-17', '13:30:00', '01:30:00', NULL),
(784, '30 23/05/2017', '2017-05-23', '08:30:00', '01:30:00', NULL),
(785, '45 22/05/2017', '2017-05-22', '13:45:00', '01:30:00', NULL),
(786, '00 30/05/2017', '2017-05-30', '14:00:00', '01:30:00', NULL),
(787, '00 30/05/2017', '2017-05-30', '16:00:00', '01:30:00', NULL),
(788, '00 19/06/2017', '2017-06-19', '09:00:00', '01:00:00', NULL),
(789, '00 19/06/2017', '2017-06-19', '09:00:00', '01:00:00', NULL),
(790, '00 19/06/2017', '2017-06-19', '09:00:00', '01:00:00', NULL),
(791, '00 13/06/2017', '2017-06-13', '09:00:00', '01:00:00', NULL),
(792, '00 22/06/2016', '2016-06-22', '10:00:00', '02:00:00', NULL),
(793, '15 10/10/2017', '2017-00-10', '11:15:00', '00:30:00', NULL),
(794, '30 13/10/2017', '2017-00-13', '13:30:00', '01:15:00', NULL),
(795, '30 13/10/2017', '2017-00-13', '13:30:00', '01:15:00', NULL),
(796, '30 13/10/2017', '2017-00-13', '13:30:00', '01:15:00', NULL),
(797, '30 13/10/2017', '2017-00-13', '13:30:00', '01:15:00', NULL),
(798, '00 20/10/2017', '2017-00-20', '13:00:00', '01:30:00', NULL),
(799, '15 17/10/2017', '2017-00-17', '11:15:00', '00:30:00', NULL),
(800, '30 23/10/2017', '2017-00-23', '08:30:00', '01:00:00', NULL),
(801, '00 06/11/2017', '2017-01-06', '08:00:00', '01:30:00', NULL),
(802, '00 06/11/2017', '2017-01-06', '08:00:00', '01:30:00', NULL),
(803, '30 08/11/2017', '2017-01-08', '13:30:00', '02:00:00', NULL),
(804, '00 13/11/2017', '2017-01-13', '08:00:00', '01:00:00', NULL),
(805, '00 13/11/2017', '2017-01-13', '14:00:00', '01:00:00', NULL),
(806, '30 15/11/2017', '2017-01-15', '13:30:00', '01:00:00', NULL),
(807, '30 15/11/2017', '2017-01-15', '13:30:00', '01:00:00', NULL),
(808, '00 20/11/2017', '2017-01-20', '08:00:00', '01:00:00', NULL),
(809, '15 20/11/2017', '2017-01-20', '13:15:00', '02:15:00', NULL),
(810, '15 20/11/2017', '2017-01-20', '13:15:00', '02:15:00', NULL),
(811, '00 27/11/2017', '2017-01-27', '08:00:00', '01:00:00', NULL),
(812, '30 29/11/2017', '2017-01-29', '13:30:00', '01:00:00', NULL),
(813, '30 29/11/2017', '2017-01-29', '13:30:00', '02:00:00', NULL),
(814, '15 04/12/2017', '2017-02-04', '08:15:00', '01:30:00', NULL),
(815, '00 11/12/2017', '2017-02-11', '08:00:00', '01:00:00', NULL),
(816, '45 18/12/2017', '2017-02-18', '08:45:00', '01:00:00', NULL),
(817, '45 18/12/2017', '2017-02-18', '08:45:00', '01:00:00', NULL),
(818, '00 10/01/2018', '2018-01-10', '11:00:00', '01:00:00', NULL),
(819, '15 08/01/2018', '2018-01-08', '10:15:00', '01:00:00', NULL),
(820, '00 09/01/2018', '2018-01-09', '10:00:00', '01:30:00', NULL),
(821, '00 09/01/2018', '2018-01-09', '10:00:00', '01:30:00', NULL),
(822, '00 09/01/2018', '2018-01-09', '09:00:00', '02:00:00', NULL),
(823, '30 08/01/2018', '2018-01-08', '13:30:00', '01:00:00', NULL),
(824, '00 09/01/2018', '2018-01-09', '10:00:00', '01:30:00', NULL),
(825, '00 09/01/2018', '2018-01-09', '10:00:00', '01:30:00', NULL),
(826, '30 16/01/2018', '2018-01-16', '13:30:00', '01:30:00', NULL),
(827, '30 16/01/2018', '2018-01-16', '13:30:00', '01:30:00', NULL),
(828, '00 17/01/2018', '2018-01-17', '09:00:00', '02:00:00', NULL),
(829, '00 17/01/2018', '2018-01-17', '09:00:00', '02:00:00', NULL),
(830, '30 15/01/2018', '2018-01-15', '13:30:00', '02:00:00', NULL),
(831, '30 15/01/2018', '2018-01-15', '13:30:00', '02:00:00', NULL),
(832, '00 15/01/2018', '2018-01-15', '10:00:00', '02:00:00', NULL),
(833, '00 15/01/2018', '2018-01-15', '10:00:00', '02:00:00', NULL),
(834, '00 16/01/2018', '2018-01-16', '10:00:00', '01:30:00', NULL),
(835, '00 16/01/2018', '2018-01-16', '10:00:00', '01:30:00', NULL),
(836, '30 17/01/2018', '2018-01-17', '13:30:00', '02:00:00', NULL),
(837, '00 20/01/2018', '2018-01-20', '08:00:00', '04:00:00', NULL),
(838, '00 24/01/2018', '2018-01-24', '10:00:00', '01:30:00', NULL),
(839, '30 23/01/2018', '2018-01-23', '13:30:00', '01:30:00', NULL),
(840, '00 05/02/2018', '0000-00-00', '08:00:00', '01:00:00', NULL),
(841, '00 13/02/2018', '0000-00-00', '10:00:00', '01:30:00', NULL),
(842, '00 07/02/2018', '0000-00-00', '10:00:00', '01:00:00', NULL),
(843, '30 20/02/2018', '0000-00-00', '13:30:00', '01:45:00', NULL),
(844, '30 22/02/2018', '0000-00-00', '08:30:00', '01:00:00', NULL),
(845, '30 22/02/2018', '0000-00-00', '08:30:00', '01:30:00', NULL),
(846, '30 22/02/2018', '0000-00-00', '08:30:00', '01:30:00', NULL),
(847, '00 22/02/2018', '0000-00-00', '10:00:00', '01:30:00', NULL),
(848, '15 12/03/2018', '0000-00-00', '08:15:00', '01:30:00', NULL),
(849, '15 12/03/2018', '0000-00-00', '08:15:00', '01:30:00', NULL),
(850, '30 16/03/2018', '0000-00-00', '13:30:00', '01:30:00', NULL),
(851, '45 20/03/2018', '0000-00-00', '10:45:00', '01:00:00', NULL),
(852, '00 26/03/2018', '0000-00-00', '14:00:00', '02:00:00', NULL),
(853, '00 03/04/2018', '0000-00-00', '10:00:00', '02:00:00', NULL),
(854, '15 04/04/2018', '0000-00-00', '10:15:00', '01:30:00', NULL),
(855, '15 06/04/2018', '0000-00-00', '08:15:00', '01:30:00', NULL),
(856, '15 06/04/2018', '0000-00-00', '08:15:00', '01:30:00', NULL),
(857, '00 25/04/2018', '0000-00-00', '08:00:00', '01:00:00', NULL),
(858, '00 24/04/2018', '0000-00-00', '08:00:00', '01:00:00', NULL),
(859, '30 18/04/2018', '0000-00-00', '13:30:00', '02:00:00', NULL),
(860, '30 18/04/2018', '0000-00-00', '13:30:00', '02:00:00', NULL),
(861, '30 18/04/2018', '0000-00-00', '13:30:00', '02:00:00', NULL),
(862, '30 18/04/2018', '0000-00-00', '13:30:00', '02:00:00', NULL),
(863, '30 18/04/2018', '0000-00-00', '13:30:00', '02:00:00', NULL),
(864, '30 18/04/2018', '0000-00-00', '13:30:00', '02:00:00', NULL),
(865, '00 15/04/2018', '0000-00-00', '08:00:00', '02:00:00', NULL),
(866, '00 15/04/2018', '0000-00-00', '08:00:00', '02:00:00', NULL),
(867, '00 15/04/2018', '0000-00-00', '08:00:00', '02:00:00', NULL),
(868, '00 15/04/2018', '0000-00-00', '08:00:00', '02:00:00', NULL),
(869, '00 15/04/2018', '0000-00-00', '08:00:00', '02:00:00', NULL),
(870, '00 15/04/2018', '0000-00-00', '08:00:00', '02:00:00', NULL),
(871, '00 15/04/2018', '0000-00-00', '08:00:00', '02:00:00', NULL),
(872, '45 16/04/2018', '0000-00-00', '15:45:00', '01:00:00', NULL),
(873, '45 19/04/2018', '0000-00-00', '08:45:00', '01:00:00', NULL),
(874, '30 26/05/2018', '0000-00-00', '08:30:00', '01:30:00', NULL),
(875, '30 26/05/2018', '0000-00-00', '08:30:00', '01:30:00', NULL),
(876, '00 29/05/2018', '0000-00-00', '10:00:00', '01:30:00', NULL),
(877, '30 29/05/2018', '0000-00-00', '13:30:00', '01:30:00', NULL),
(878, '30 06/06/2018', '0000-00-00', '13:30:00', '01:30:00', NULL),
(879, '30 06/06/2018', '0000-00-00', '13:30:00', '01:30:00', NULL),
(880, '30 06/06/2018', '0000-00-00', '13:30:00', '01:30:00', NULL),
(881, '30 18/06/2018', '0000-00-00', '10:30:00', '01:00:00', NULL),
(882, '30 18/06/2018', '0000-00-00', '10:30:00', '01:00:00', NULL),
(883, '30 05/06/2018', '0000-00-00', '08:30:00', '01:00:00', NULL),
(884, '00 11/06/2018', '0000-00-00', '10:00:00', '01:30:00', NULL),
(885, '30 18/06/2018', '0000-00-00', '10:30:00', '01:00:00', NULL),
(886, '30 18/06/2018', '0000-00-00', '10:30:00', '01:00:00', NULL),
(887, '00 18/06/2018', '0000-00-00', '09:00:00', '01:00:00', NULL),
(888, '00 18/06/2018', '0000-00-00', '09:00:00', '01:00:00', NULL),
(889, '30 01/10/2018', '0000-00-00', '15:30:00', '01:00:00', NULL),
(890, '30 02/10/2018', '0000-00-00', '14:30:00', '01:00:00', NULL),
(891, '30 08/10/2018', '0000-00-00', '14:30:00', '01:00:00', NULL),
(892, '30 08/10/2018', '0000-00-00', '14:30:00', '01:00:00', NULL);
INSERT INTO `devoir` (`id_devoir`, `nom_devoir`, `date_devoir`, `heure_devoir`, `duree_devoir`, `id_mat`) VALUES
(893, '30 10/10/2018', '0000-00-00', '13:30:00', '01:00:00', NULL),
(894, '15 24/10/2018', '0000-00-00', '08:15:00', '01:30:00', NULL),
(895, '15 24/10/2018', '0000-00-00', '08:15:00', '01:30:00', NULL),
(896, '15 24/10/2018', '0000-00-00', '08:15:00', '01:30:00', NULL),
(897, '15 24/10/2018', '0000-00-00', '08:15:00', '01:30:00', NULL),
(898, '30 05/11/2018', '0000-00-00', '14:30:00', '02:00:00', NULL),
(899, '30 05/11/2018', '0000-00-00', '14:30:00', '02:00:00', NULL),
(900, '30 16/11/2018', '0000-00-00', '15:30:00', '02:00:00', NULL),
(901, '00 20/11/2018', '0000-00-00', '10:00:00', '01:00:00', NULL),
(902, '45 23/11/2018', '0000-00-00', '08:45:00', '01:00:00', NULL),
(903, '45 23/11/2018', '0000-00-00', '08:45:00', '01:00:00', NULL),
(904, '00 25/11/2018', '0000-00-00', '08:00:00', '01:00:00', NULL),
(905, '15 05/12/2018', '0000-00-00', '08:15:00', '01:30:00', NULL),
(906, '15 05/12/2018', '0000-00-00', '08:15:00', '01:30:00', NULL),
(907, '00 04/12/2018', '0000-00-00', '10:00:00', '01:00:00', NULL),
(908, '00 03/12/2018', '0000-00-00', '10:00:00', '01:45:00', NULL),
(909, '00 03/12/2018', '0000-00-00', '10:00:00', '01:45:00', NULL),
(910, '00 10/12/2018', '0000-00-00', '09:00:00', '01:00:00', NULL),
(911, '30 12/12/2018', '0000-00-00', '13:30:00', '02:00:00', NULL),
(912, '30 12/12/2018', '0000-00-00', '13:30:00', '02:00:00', NULL),
(913, '00 17/12/2018', '0000-00-00', '08:00:00', '01:00:00', NULL),
(914, '00 20/12/2018', '0000-00-00', '10:00:00', '01:30:00', NULL),
(915, '00 20/12/2018', '0000-00-00', '10:00:00', '01:30:00', NULL),
(916, '30 08/01/2019', '0000-00-00', '13:30:00', '01:30:00', NULL),
(917, '15 08/01/2019', '0000-00-00', '10:15:00', '01:45:00', NULL),
(918, '30 08/01/2019', '0000-00-00', '13:30:00', '01:30:00', NULL),
(919, '15 15/01/2019', '0000-00-00', '10:15:00', '01:30:00', NULL),
(920, '15 15/01/2019', '0000-00-00', '10:15:00', '01:30:00', NULL),
(921, '30 14/01/2019', '0000-00-00', '13:30:00', '02:00:00', NULL),
(922, '00 14/01/2019', '0000-00-00', '10:00:00', '02:00:00', NULL),
(923, '00 14/01/2019', '0000-00-00', '10:00:00', '02:00:00', NULL),
(924, '00 16/01/2019', '0000-00-00', '08:00:00', '02:00:00', NULL),
(925, '00 16/01/2019', '0000-00-00', '08:00:00', '02:00:00', NULL),
(926, '15 15/01/2019', '0000-00-00', '08:15:00', '01:30:00', NULL),
(927, '15 15/01/2019', '0000-00-00', '08:15:00', '01:30:00', NULL),
(928, '45 15/01/2019', '0000-00-00', '14:45:00', '02:00:00', NULL),
(929, '45 15/01/2019', '0000-00-00', '14:45:00', '02:00:00', NULL),
(930, '30 14/01/2019', '0000-00-00', '13:30:00', '01:30:00', NULL),
(931, '00 15/01/2019', '0000-00-00', '15:00:00', '02:00:00', NULL),
(932, '00 15/01/2019', '0000-00-00', '15:00:00', '02:00:00', NULL),
(933, 'A ', '0000-00-00', '00:00:00', '00:00:00', NULL),
(934, '00 16/01/2019', '0000-00-00', '08:00:00', '02:00:00', NULL),
(935, '00 26/01/2019', '0000-00-00', '08:00:00', '04:00:00', NULL),
(936, '30 21/01/2019', '0000-00-00', '13:30:00', '01:30:00', NULL),
(937, '30 27/02/2019', '0000-00-00', '08:30:00', '01:00:00', NULL),
(938, '45 26/02/2019', '0000-00-00', '15:45:00', '01:00:00', NULL),
(939, '15 28/02/2019', '0000-00-00', '08:15:00', '01:00:00', NULL),
(940, '15 28/02/2019', '0000-00-00', '08:15:00', '01:00:00', NULL),
(941, '00 01/03/2019', '0000-00-00', '08:00:00', '01:00:00', NULL),
(942, '00 01/03/2019', '0000-00-00', '08:00:00', '01:00:00', NULL),
(943, '15 26/03/2019', '0000-00-00', '08:15:00', '01:30:00', NULL),
(944, '15 26/03/2019', '0000-00-00', '08:15:00', '01:30:00', NULL),
(945, '00 25/03/2019', '0000-00-00', '10:00:00', '01:30:00', NULL),
(946, '00 28/03/2019', '0000-00-00', '09:00:00', '02:00:00', NULL),
(947, '30 01/04/2019', '0000-00-00', '13:30:00', '01:30:00', NULL),
(948, '15 02/04/2019', '0000-00-00', '10:15:00', '01:30:00', NULL),
(949, '30 03/04/2019', '0000-00-00', '13:30:00', '01:30:00', NULL),
(950, '30 03/04/2019', '0000-00-00', '13:30:00', '01:30:00', NULL),
(951, '15 03/04/2019', '0000-00-00', '08:15:00', '01:30:00', NULL),
(952, ' ', '0000-00-00', '00:00:00', '00:00:00', NULL),
(953, '00 05/04/2019', '0000-00-00', '16:00:00', '02:00:00', NULL),
(954, ' ', '0000-00-00', '00:00:00', '00:00:00', NULL),
(955, '15 02/05/2019', '0000-00-00', '14:15:00', '01:00:00', NULL),
(956, '45 02/05/2019', '0000-00-00', '15:45:00', '01:00:00', NULL),
(957, '15 03/05/2019', '0000-00-00', '10:15:00', '01:00:00', NULL),
(958, '30 03/05/2019', '0000-00-00', '13:30:00', '01:00:00', NULL),
(959, '30 15/05/2019', '0000-00-00', '13:30:00', '01:00:00', NULL),
(960, '00 20/05/2019', '0000-00-00', '13:00:00', '00:00:00', NULL),
(961, '00 20/05/2019', '0000-00-00', '13:00:00', '00:00:00', NULL),
(962, '30 21/05/2019', '0000-00-00', '13:30:00', '01:30:00', NULL),
(963, '15 22/05/2019', '0000-00-00', '14:15:00', '01:00:00', NULL),
(964, '15 22/05/2019', '0000-00-00', '14:15:00', '01:00:00', NULL),
(965, '15 22/05/2019', '0000-00-00', '14:15:00', '01:00:00', NULL),
(966, '15 22/05/2019', '0000-00-00', '14:15:00', '01:00:00', NULL),
(967, '15 22/05/2019', '0000-00-00', '14:15:00', '01:00:00', NULL),
(968, '00 25/05/2019', '0000-00-00', '09:00:00', '02:00:00', NULL),
(969, '00 25/05/2019', '0000-00-00', '09:00:00', '02:00:00', NULL),
(970, '00 25/05/2019', '0000-00-00', '09:00:00', '02:00:00', NULL),
(971, '30 29/05/2019', '0000-00-00', '13:30:00', '01:30:00', NULL),
(972, '30 11/06/2019', '0000-00-00', '13:30:00', '01:00:00', NULL),
(973, '00 17/06/2019', '0000-00-00', '08:00:00', '01:30:00', NULL),
(974, '00 17/06/2019', '0000-00-00', '08:00:00', '01:30:00', NULL),
(975, '00 17/06/2019', '0000-00-00', '08:00:00', '01:30:00', NULL),
(976, ' ', '0000-00-00', '00:00:00', '00:00:00', NULL),
(977, '00 17/06/2019', '0000-00-00', '08:00:00', '01:30:00', NULL),
(978, '30 13/06/2019', '0000-00-00', '13:30:00', '01:30:00', NULL),
(979, '30 17/06/2019', '0000-00-00', '10:30:00', '01:00:00', NULL),
(980, '30 17/06/2019', '0000-00-00', '10:30:00', '01:00:00', NULL),
(981, '00 07/10/2019', '0000-00-00', '11:00:00', '01:00:00', NULL),
(982, '00 07/10/2019', '0000-00-00', '11:00:00', '01:00:00', NULL),
(983, '00 14/10/2019', '0000-00-00', '15:00:00', '01:30:00', NULL),
(984, '00 18/11/2019', '0000-00-00', '08:00:00', '01:30:00', NULL),
(985, '30 16/11/2019', '0000-00-00', '08:30:00', '01:00:00', NULL),
(986, '30 16/11/2019', '0000-00-00', '10:30:00', '01:00:00', NULL),
(987, '00 25/11/2019', '0000-00-00', '10:00:00', '02:00:00', NULL),
(988, '00 25/11/2019', '0000-00-00', '10:00:00', '02:00:00', NULL),
(989, '00 25/11/2019', '0000-00-00', '10:00:00', '02:00:00', NULL),
(990, '45 26/11/2019', '0000-00-00', '15:45:00', '01:00:00', NULL),
(991, '00 04/12/2019', '0000-00-00', '08:00:00', '02:00:00', NULL),
(992, '30 04/12/2019', '0000-00-00', '13:30:00', '02:00:00', NULL),
(993, '30 10/12/2019', '0000-00-00', '13:30:00', '00:00:02', NULL),
(994, '30 12/12/2019', '0000-00-00', '13:30:00', '01:00:00', NULL),
(995, '00 13/12/2019', '0000-00-00', '08:00:00', '01:00:00', NULL),
(996, '15 06/01/2020', '0000-00-00', '13:15:00', '01:15:00', NULL),
(997, '00 10/01/2020', '0000-00-00', '10:00:00', '02:00:00', NULL),
(998, '30 10/01/2020', '0000-00-00', '08:30:00', '01:00:00', NULL),
(999, '30 10/01/2020', '0000-00-00', '13:30:00', '04:00:00', NULL),
(1000, '30 14/01/2020', '0000-00-00', '13:30:00', '01:30:00', NULL),
(1001, '00 13/01/2020', '0000-00-00', '10:00:00', '01:30:00', NULL),
(1002, '00 13/01/2020', '0000-00-00', '10:00:00', '01:30:00', NULL),
(1003, '30 13/01/2020', '0000-00-00', '13:30:00', '01:15:00', NULL),
(1004, '00 14/01/2020', '0000-00-00', '08:00:00', '02:00:00', NULL),
(1005, '00 14/01/2020', '0000-00-00', '08:00:00', '02:00:00', NULL),
(1006, '15 15/01/2020', '0000-00-00', '08:15:00', '02:00:00', NULL),
(1007, '15 21/01/2020', '0000-00-00', '08:15:00', '01:30:00', NULL),
(1008, '30 24/01/2020', '0000-00-00', '13:30:00', '01:00:00', NULL),
(1009, '15 10/02/2020', '0000-00-00', '08:15:00', '01:30:00', NULL),
(1010, '15 10/02/2020', '0000-00-00', '08:15:00', '01:30:00', NULL),
(1011, '00 25/02/2020', '0000-00-00', '16:00:00', '02:00:00', NULL),
(1012, '30 27/02/2020', '0000-00-00', '14:30:00', '01:00:00', NULL),
(1013, '45 09/03/2020', '0000-00-00', '08:45:00', '01:00:00', NULL),
(1014, '30 11/03/2020', '0000-00-00', '13:30:00', '01:00:00', NULL),
(1015, '15 15/10/2020', '0000-00-00', '10:15:00', '00:30:00', NULL),
(1016, '00 23/11/2020', '0000-00-00', '10:00:00', '01:30:00', NULL),
(1017, '00 23/11/2020', '0000-00-00', '10:00:00', '01:30:00', NULL),
(1018, '30 03/12/2020', '0000-00-00', '08:30:00', '01:00:00', NULL),
(1019, '30 03/12/2020', '0000-00-00', '08:30:00', '01:00:00', NULL),
(1020, '30 14/01/2021', '0000-00-00', '09:30:00', '01:30:00', NULL),
(1021, '30 14/01/2021', '0000-00-00', '09:30:00', '01:30:00', NULL),
(1022, '30 14/01/2021', '0000-00-00', '09:30:00', '01:30:00', NULL),
(1023, '30 14/01/2021', '0000-00-00', '09:30:00', '01:30:00', NULL),
(1024, '15 18/01/2021', '0000-00-00', '10:15:00', '01:30:00', NULL),
(1025, '30 03/03/2021', '0000-00-00', '10:30:00', '01:00:00', NULL),
(1026, '00 22/04/2021', '0000-00-00', '08:00:00', '01:30:00', NULL),
(1027, ' ', '0000-00-00', '00:00:00', '00:00:00', NULL),
(1028, ' ', '0000-00-00', '00:00:00', '00:00:00', NULL),
(1029, '00 22/04/2021', '0000-00-00', '08:00:00', '01:30:00', NULL),
(1030, '00 22/04/2021', '0000-00-00', '08:00:00', '01:30:00', NULL),
(1031, '00 10/06/2021', '0000-00-00', '10:00:00', '01:00:00', NULL),
(1032, '00 14/06/2021', '0000-00-00', '09:00:00', '01:30:00', NULL),
(1033, '00 14/06/2021', '0000-00-00', '09:00:00', '01:30:00', NULL),
(1034, '00 14/06/2021', '0000-00-00', '09:00:00', '01:30:00', NULL),
(1035, '45 11/10/2021', '0000-00-00', '08:45:00', '01:00:00', NULL),
(1036, '30 12/10/2021', '0000-00-00', '14:30:00', '01:00:00', NULL),
(1037, '00 06/11/2021', '0000-00-00', '08:00:00', '01:30:00', NULL),
(1038, '00 15/11/2021', '0000-00-00', '08:00:00', '02:00:00', NULL),
(1039, '30 06/12/2021', '0000-00-00', '08:30:00', '01:00:00', NULL),
(1040, '30 06/12/2021', '0000-00-00', '08:30:00', '01:00:00', NULL),
(1041, '00 08/12/2021', '0000-00-00', '08:00:00', '01:30:00', NULL),
(1042, '00 08/12/2021', '0000-00-00', '08:00:00', '01:30:00', NULL),
(1043, ' ', '0000-00-00', '00:00:00', '00:00:00', NULL),
(1044, '45 13/12/2021', '0000-00-00', '15:45:00', '01:00:00', NULL),
(1045, '45 13/12/2021', '0000-00-00', '15:45:00', '01:00:00', NULL),
(1046, '00 04/01/2021', '0000-00-00', '11:00:00', '01:00:00', NULL),
(1047, '30 10/01/2022', '0000-00-00', '13:30:00', '01:30:00', NULL),
(1048, '00 08/01/2022', '0000-00-00', '08:00:00', '04:00:00', NULL),
(1049, '00 08/01/2022', '0000-00-00', '08:00:00', '04:00:00', NULL),
(1050, '30 19/01/2022', '0000-00-00', '13:30:00', '01:00:00', NULL),
(1051, '30 19/01/2022', '0000-00-00', '13:30:00', '01:00:00', NULL),
(1052, '30 19/01/2022', '0000-00-00', '13:30:00', '01:00:00', NULL),
(1053, '30 19/01/2022', '0000-00-00', '13:30:00', '01:00:00', NULL),
(1054, '00 24/01/2022', '0000-00-00', '08:00:00', '04:00:00', NULL),
(1055, '00 24/01/2022', '0000-00-00', '08:00:00', '04:00:00', NULL),
(1056, '00 ', '0000-00-00', '08:00:00', '02:00:00', NULL),
(1057, '15 28/02/2022', '0000-00-00', '08:15:00', '01:15:00', NULL),
(1058, '15 28/02/2022', '0000-00-00', '08:15:00', '01:15:00', NULL),
(1059, '45 08/03/2022', '0000-00-00', '08:45:00', '01:00:00', NULL),
(1060, ' ', '0000-00-00', '00:00:00', '00:00:00', NULL),
(1061, '00 28/03/2022', '0000-00-00', '14:00:00', '01:00:00', NULL),
(1062, '00 28/03/2022', '0000-00-00', '16:00:00', '01:00:00', NULL),
(1063, '00 05/04/2022', '0000-00-00', '10:00:00', '01:30:00', NULL),
(1064, '00 04/10/2022', '0000-00-00', '08:00:00', '01:00:00', NULL),
(1065, '15 10/10/2022', '0000-00-00', '10:15:00', '01:00:00', NULL),
(1066, '15 10/10/2022', '0000-00-00', '10:15:00', '01:00:00', NULL),
(1067, '15 10/10/2022', '0000-00-00', '10:15:00', '01:00:00', NULL),
(1068, '15 10/10/2022', '0000-00-00', '10:15:00', '01:00:00', NULL),
(1069, ' ', '0000-00-00', '00:00:00', '00:00:00', NULL),
(1070, '15 10/10/2022', '0000-00-00', '10:15:00', '01:00:00', NULL),
(1071, '15 24/10/2022', '0000-00-00', '10:15:00', '01:00:00', NULL),
(1072, '30 08/11/2022', '0000-00-00', '13:30:00', '01:45:00', NULL),
(1073, '30 08/11/2022', '0000-00-00', '15:30:00', '01:45:00', NULL),
(1074, '15 22/11/2022', '0000-00-00', '08:15:00', '01:30:00', NULL),
(1075, '15 22/11/2022', '0000-00-00', '08:15:00', '01:00:00', NULL),
(1076, '15 22/11/2022', '0000-00-00', '08:15:00', '01:00:00', NULL),
(1077, '00 19/11/2022', '0000-00-00', '08:00:00', '01:30:00', NULL),
(1078, '00 19/11/2022', '0000-00-00', '08:00:00', '01:30:00', NULL),
(1079, '00 19/11/2022', '0000-00-00', '08:00:00', '01:30:00', NULL),
(1080, '30 19/11/2022', '0000-00-00', '08:30:00', '01:30:00', NULL),
(1081, '00 20/11/2022', '0000-00-00', '08:00:00', '01:30:00', NULL),
(1082, '30 06/12/2022', '0000-00-00', '10:30:00', '01:15:00', NULL),
(1083, '30 06/12/2022', '0000-00-00', '10:30:00', '01:15:00', NULL),
(1084, '30 06/12/2022', '0000-00-00', '10:30:00', '01:15:00', NULL),
(1085, '30 06/12/2022', '0000-00-00', '10:30:00', '01:15:00', NULL),
(1086, '00 13/12/2022', '0000-00-00', '10:00:00', '02:00:00', NULL),
(1087, '00 13/12/2022', '0000-00-00', '10:00:00', '02:00:00', NULL),
(1088, '00 13/12/2022', '0000-00-00', '08:00:00', '02:00:00', NULL),
(1089, '00 13/12/2022', '0000-00-00', '08:00:00', '02:00:00', NULL),
(1090, '00 13/12/2022', '0000-00-00', '08:00:00', '02:00:00', NULL),
(1091, '30 09/01/2023', '0000-00-00', '08:30:00', '01:00:00', NULL),
(1092, '15 16/01/2023', '0000-00-00', '10:15:00', '01:30:00', NULL),
(1093, '15 16/01/2023', '0000-00-00', '10:15:00', '01:30:00', NULL),
(1094, '00 14/01/2023', '0000-00-00', '08:00:00', '01:30:00', NULL),
(1095, '15 14/01/2023', '0000-00-00', '10:15:00', '01:15:00', NULL),
(1096, '15 14/01/2023', '0000-00-00', '10:15:00', '01:15:00', NULL),
(1097, '15 14/01/2023', '0000-00-00', '10:15:00', '01:15:00', NULL),
(1098, '15 14/01/2023', '0000-00-00', '10:15:00', '01:15:00', NULL),
(1099, '00 14/01/2023', '0000-00-00', '08:00:00', '01:30:00', NULL),
(1100, '00 14/01/2023', '0000-00-00', '08:00:00', '01:30:00', NULL),
(1101, ' ', '0000-00-00', '00:00:00', '00:00:00', NULL),
(1102, '00 18/01/2023', '0000-00-00', '08:00:00', '01:30:00', NULL),
(1103, '00 18/01/2023', '0000-00-00', '08:00:00', '01:30:00', NULL),
(1104, '00 18/01/2023', '0000-00-00', '08:00:00', '01:30:00', NULL),
(1105, '00 18/01/2023', '0000-00-00', '08:00:00', '01:30:00', NULL),
(1106, '00 18/01/2023', '0000-00-00', '10:00:00', '01:30:00', NULL),
(1107, '00 18/01/2023', '0000-00-00', '10:00:00', '01:30:00', NULL),
(1108, '00 18/01/2023', '0000-00-00', '08:00:00', '01:30:00', NULL),
(1109, '00 18/01/2023', '0000-00-00', '08:00:00', '01:30:00', NULL),
(1110, '45 28/02/2023', '0000-00-00', '15:45:00', '01:00:00', NULL),
(1111, '00 29/03/2023', '0000-00-00', '10:00:00', '01:30:00', NULL),
(1112, '00 29/03/2023', '0000-00-00', '10:00:00', '01:30:00', NULL),
(1113, '30 27/03/2023', '0000-00-00', '13:30:00', '03:00:00', NULL),
(1114, '00 29/03/2023', '0000-00-00', '10:00:00', '01:30:00', NULL),
(1115, '00 29/03/2023', '0000-00-00', '10:00:00', '01:30:00', NULL),
(1116, '00 11/04/2023', '0000-00-00', '10:00:00', '02:00:00', NULL),
(1117, '00 11/04/2023', '0000-00-00', '10:00:00', '02:00:00', NULL),
(1118, '00 12/04/2023', '0000-00-00', '08:00:00', '01:30:00', NULL),
(1119, '00 13/05/2023', '0000-00-00', '10:00:00', '02:00:00', NULL),
(1120, '00 13/05/2023', '0000-00-00', '10:00:00', '02:00:00', NULL),
(1121, '15 05/06/2023', '0000-00-00', '08:15:00', '01:30:00', NULL),
(1122, '15 12/06/2023', '0000-00-00', '10:15:00', '01:30:00', NULL),
(1123, '15 14/06/2023', '0000-00-00', '10:15:00', '01:30:00', NULL),
(1124, '00 14/06/2023', '0000-00-00', '08:00:00', '02:00:00', NULL),
(1125, '00 30/09/2024', '0000-00-00', '10:00:00', '01:00:00', NULL),
(1126, '00 30/09/2024', '0000-00-00', '10:00:00', '01:00:00', NULL),
(1127, '00 19/09/2024', '0000-00-00', '08:00:00', '01:00:00', NULL),
(1128, '00 19/09/2024', '0000-00-00', '08:00:00', '01:00:00', NULL),
(1129, '00 09/10/2024', '0000-00-00', '10:00:00', '01:00:00', NULL),
(1130, '00 30/09/2024', '0000-00-00', '10:00:00', '02:00:00', NULL),
(1131, '00 08/10/2024', '0000-00-00', '10:00:00', '01:00:00', NULL),
(1132, '00 08/10/2024', '0000-00-00', '09:00:00', '01:00:00', NULL),
(1133, '00 08/10/2024', '0000-00-00', '09:00:00', '01:00:00', NULL),
(1134, '00 08/10/2024', '0000-00-00', '10:00:00', '01:00:00', NULL),
(1135, '00 09/10/2024', '0000-00-00', '08:00:00', '01:00:00', NULL),
(1136, '00 09/10/2024', '0000-00-00', '08:00:00', '01:00:00', NULL),
(1137, '00 09/10/2024', '0000-00-00', '10:00:00', '01:00:00', NULL),
(1138, '00 09/10/2024', '0000-00-00', '10:00:00', '02:00:00', NULL),
(1139, '00 09/10/2024', '0000-00-00', '09:00:00', '02:00:00', NULL),
(1140, '00 09/10/2024', '0000-00-00', '09:00:00', '02:00:00', NULL),
(1141, '00 10/10/2024', '0000-00-00', '10:00:00', '02:00:00', NULL),
(1142, '00 08/10/2024', '0000-00-00', '09:00:00', '00:30:00', NULL),
(1143, '00 15/10/2024', '0000-00-00', '09:00:00', '02:00:00', NULL),
(1144, '00 15/10/2024', '0000-00-00', '09:00:00', '02:00:00', NULL),
(1145, '00 16/10/2024', '0000-00-00', '08:00:00', '02:00:00', NULL),
(1146, '00 23/10/2024', '0000-00-00', '09:00:00', '01:00:00', NULL),
(1147, '00 23/10/2024', '0000-00-00', '09:00:00', '01:00:00', NULL),
(1148, '00 17/10/2024', '0000-00-00', '08:00:00', '01:00:00', NULL),
(1149, '00 22/10/2024', '0000-00-00', '09:00:00', '01:00:00', 234),
(1150, '30 15/10/2024', '0000-00-00', '08:30:00', '01:00:00', NULL),
(1151, '30 15/10/2024', '0000-00-00', '08:30:00', '01:00:00', NULL),
(1152, '30 15/10/2024', '0000-00-00', '08:30:00', '01:00:00', NULL),
(1153, '30 15/10/2024', '0000-00-00', '08:30:00', '01:00:00', NULL),
(1154, '30 15/10/2024', '0000-00-00', '08:30:00', '01:00:00', NULL),
(1155, '30 15/10/2024', '0000-00-00', '08:30:00', '01:00:00', NULL),
(1156, '30 16/10/2024', '0000-00-00', '13:30:00', '01:30:00', 231),
(1157, '00 17/10/2024', '0000-00-00', '08:00:00', '02:00:00', 234),
(1158, '00 16/10/2024', '0000-00-00', '08:00:00', '02:00:00', 234),
(1159, '00 16/10/2024', '0000-00-00', '08:00:00', '02:00:00', NULL),
(1160, '00 16/10/2024', '0000-00-00', '08:00:00', '02:00:00', NULL),
(1161, '00 16/10/2024', '0000-00-00', '08:00:00', '02:00:00', NULL),
(1162, '00 15/10/2024', '0000-00-00', '09:00:00', '01:00:00', NULL),
(1163, '00 15/10/2024', '0000-00-00', '09:00:00', '01:00:00', NULL),
(1164, '00 15/10/2024', '0000-00-00', '09:00:00', '01:00:00', NULL),
(1165, '00 15/10/2024', '0000-00-00', '09:00:00', '01:00:00', 230),
(1166, '30 16/10/2024', '0000-00-00', '08:30:00', '01:30:00', NULL),
(1167, '30 16/10/2024', '0000-00-00', '08:30:00', '01:30:00', NULL),
(1168, '00 15/10/2024', '0000-00-00', '08:00:00', '01:00:00', NULL),
(1169, '00 22/10/2024', '0000-00-00', '08:00:00', '02:00:00', NULL),
(1170, '00 09/10/2024', '0000-00-00', '08:00:00', '01:00:00', NULL),
(1171, '00 16/10/2024', '0000-00-00', '09:00:00', '01:00:00', NULL),
(1172, '00 08/10/2024', '0000-00-00', '09:00:00', '01:00:00', NULL),
(1173, '30 23/10/2024', '0000-00-00', '15:30:00', '01:30:00', 232),
(1174, '00 17/10/2024', '0000-00-00', '08:00:00', '01:00:00', NULL),
(1175, '00 10/10/2024', '0000-00-00', '10:00:00', '00:00:00', NULL),
(1176, '00 10/10/2024', '0000-00-00', '10:00:00', '02:00:00', NULL),
(1177, '00 10/10/2024', '0000-00-00', '10:00:00', '02:00:00', NULL),
(1178, '00 10/10/2024', '0000-00-00', '10:00:00', '02:00:00', NULL),
(1179, '00 10/10/2024', '0000-00-00', '10:00:00', '02:00:00', NULL),
(1180, '00 25/10/2024', '0000-00-00', '10:00:00', '02:00:00', NULL),
(1181, '00 30/10/2024', '0000-00-00', '10:00:00', '03:00:00', NULL),
(1182, '00 30/10/2024', '0000-00-00', '10:00:00', '03:00:00', NULL),
(1183, '00 31/10/2024', '0000-00-00', '09:00:00', '02:00:00', NULL),
(1184, '00 31/10/2024', '0000-00-00', '09:00:00', '02:00:00', NULL),
(1185, '00 25/10/2024', '0000-00-00', '11:00:00', '01:00:00', NULL),
(1186, '00 25/10/2024', '0000-00-00', '11:00:00', '01:00:00', NULL),
(1187, '00 25/10/2024', '0000-00-00', '11:00:00', '01:00:00', NULL),
(1188, '00 30/10/2024', '0000-00-00', '10:00:00', '01:00:00', NULL),
(1189, '00 30/10/2024', '0000-00-00', '10:00:00', '01:00:00', NULL),
(1190, '00 30/10/2024', '0000-00-00', '10:00:00', '01:00:00', NULL),
(1191, '00 30/10/2024', '0000-00-00', '10:00:00', '01:00:00', NULL),
(1192, '00 30/10/2024', '0000-00-00', '10:00:00', '01:00:00', NULL),
(1193, '00 30/10/2024', '0000-00-00', '10:00:00', '01:00:00', NULL),
(1194, '00 30/10/2024', '0000-00-00', '11:00:00', '02:00:00', NULL),
(1195, '00 30/10/2024', '0000-00-00', '11:00:00', '02:00:00', NULL),
(1196, '00 18/10/2024', '0000-00-00', '10:00:00', '02:00:00', NULL),
(1197, '00 18/10/2024', '0000-00-00', '10:00:00', '02:00:00', NULL),
(1198, '00 23/10/2024', '0000-00-00', '09:00:00', '02:00:00', NULL),
(1199, '00 23/10/2024', '0000-00-00', '09:00:00', '02:00:00', NULL),
(1200, '00 24/10/2024', '0000-00-00', '10:00:00', '02:00:00', NULL),
(1201, '00 08/10/2024', '0000-00-00', '09:00:00', '01:00:00', NULL),
(1202, '00 30/10/2024', '0000-00-00', '09:00:00', '01:00:00', NULL),
(1203, '00 16/10/2024', '0000-00-00', '08:00:00', '01:00:00', NULL),
(1204, '00 24/10/2024', '0000-00-00', '08:00:00', '01:00:00', NULL),
(1205, '00 23/10/2024', '0000-00-00', '09:00:00', '01:00:00', NULL),
(1206, '00 24/10/2024', '0000-00-00', '10:00:00', '02:00:00', NULL),
(1207, '00 23/10/2024', '0000-00-00', '09:00:00', '02:00:00', NULL),
(1208, '00 23/10/2024', '0000-00-00', '09:00:00', '02:00:00', NULL),
(1209, '00 29/10/2024', '0000-00-00', '11:00:00', '03:00:00', NULL),
(1210, '00 24/10/2024', '0000-00-00', '10:00:00', '02:00:00', NULL),
(1211, '00 24/10/2024', '0000-00-00', '10:00:00', '02:00:00', NULL),
(1212, ' ', '0000-00-00', '00:00:00', '00:00:00', NULL),
(1213, '30 16/10/2024', '0000-00-00', '08:30:00', '01:30:00', NULL),
(1214, '30 16/10/2024', '0000-00-00', '08:30:00', '01:30:00', NULL),
(1215, '00 23/10/2024', '0000-00-00', '09:00:00', '01:00:00', NULL),
(1216, '30 16/10/2024', '0000-00-00', '13:30:00', '01:30:00', 231),
(1217, '00 15/10/2024', '0000-00-00', '09:00:00', '01:00:00', NULL),
(1218, '00 15/10/2024', '0000-00-00', '09:00:00', '01:00:00', NULL),
(1219, '30 22/10/2024', '0000-00-00', '15:30:00', '01:30:00', 232),
(1220, '00 23/10/2024', '0000-00-00', '08:00:00', '02:00:00', NULL),
(1221, '00 30/10/2024', '0000-00-00', '08:00:00', '02:00:00', NULL),
(1222, '00 15/10/2024', '0000-00-00', '08:00:00', '01:30:00', NULL),
(1223, '00 29/10/2024', '0000-00-00', '10:00:00', '03:00:00', NULL),
(1224, '30 15/10/2024', '0000-00-00', '08:30:00', '01:30:00', NULL),
(1225, '30 15/10/2024', '0000-00-00', '08:30:00', '01:30:00', NULL),
(1226, '30 15/10/2024', '0000-00-00', '08:30:00', '01:30:00', NULL),
(1227, '00 15/10/2024', '0000-00-00', '10:00:00', '01:30:00', 234),
(1228, '00 15/10/2024', '0000-00-00', '10:00:00', '01:30:00', 234),
(1229, 'A ', '0000-00-00', '00:00:00', '00:00:00', NULL),
(1230, '00 23/10/2024', '0000-00-00', '08:00:00', '01:30:00', NULL),
(1231, '00 23/10/2024', '0000-00-00', '08:00:00', '01:30:00', NULL),
(1232, '00 23/10/2024', '0000-00-00', '08:00:00', '01:30:00', NULL),
(1233, '30 17/10/2024', '0000-00-00', '15:30:00', '01:00:00', 233),
(1234, '30 21/10/2024', '0000-00-00', '08:30:00', '01:00:00', NULL),
(1235, '15 23/10/2024', '0000-00-00', '10:15:00', '01:15:00', 236),
(1236, '00 04/11/2024', '0000-00-00', '10:00:00', '01:30:00', 230),
(1237, '30 06/11/2024', '0000-00-00', '13:30:00', '01:30:00', 231),
(1238, '15 05/11/2024', '0000-00-00', '08:15:00', '01:15:00', NULL),
(1239, '15 05/11/2024', '0000-00-00', '08:15:00', '01:15:00', NULL),
(1240, '30 06/11/2024', '0000-00-00', '13:30:00', '01:30:00', 231),
(1241, '00 20/11/2024', '0000-00-00', '10:00:00', '01:30:00', 232),
(1242, '30 21/11/2024', '0000-00-00', '15:30:00', '00:30:00', 236),
(1243, '00 20/11/2024', '0000-00-00', '09:00:00', '01:00:00', 230),
(1244, '15 ', '0000-00-00', '08:15:00', '01:15:00', NULL),
(1245, '15 ', '0000-00-00', '08:15:00', '01:15:00', NULL),
(1246, '30 28/11/2024', '0000-00-00', '08:30:00', '01:30:00', NULL),
(1247, '30 28/11/2024', '0000-00-00', '08:30:00', '01:30:00', NULL),
(1248, '30 03/12/2024', '0000-00-00', '15:30:00', '01:00:00', 231),
(1249, '30 09/12/2024', '0000-00-00', '08:30:00', '01:00:00', NULL),
(1250, '30 13/12/2024', '0000-00-00', '15:30:00', '01:00:00', 231),
(1251, '30 19/12/2024', '0000-00-00', '08:30:00', '01:00:00', NULL),
(1252, '30 19/12/2024', '0000-00-00', '08:30:00', '01:30:00', NULL),
(1253, '00 12/12/2024', '0000-00-00', '10:00:00', '01:00:00', 232),
(1254, '00 17/12/2024', '0000-00-00', '08:00:00', '01:30:00', NULL),
(1255, '00 17/12/2024', '0000-00-00', '08:00:00', '01:30:00', NULL),
(1256, '00 12/12/2024', '0000-00-00', '10:00:00', '01:00:00', 232),
(1257, '30 09/01/2025', '0000-00-00', '13:30:00', '01:30:00', NULL),
(1258, '00 09/01/2025', '0000-00-00', '10:00:00', '01:30:00', NULL),
(1259, '00 09/01/2025', '0000-00-00', '10:00:00', '01:30:00', NULL),
(1260, '00 09/01/2025', '0000-00-00', '10:00:00', '01:30:00', NULL),
(1261, '30 08/01/2025', '0000-00-00', '13:30:00', '01:30:00', NULL),
(1262, '30 08/01/2025', '0000-00-00', '13:30:00', '01:30:00', NULL),
(1263, '30 08/01/2025', '0000-00-00', '13:30:00', '01:30:00', NULL),
(1264, '00 17/12/2024', '0000-00-00', '10:00:00', '01:30:00', NULL),
(1265, '00 17/12/2024', '0000-00-00', '10:00:00', '01:30:00', NULL),
(1266, '00 17/12/2024', '0000-00-00', '10:00:00', '01:00:00', 236),
(1267, '00 17/12/2024', '0000-00-00', '10:00:00', '01:30:00', 236),
(1268, '00 08/01/2025', '0000-00-00', '09:00:00', '01:15:00', NULL),
(1269, '00 08/01/2025', '0000-00-00', '09:00:00', '01:15:00', NULL),
(1270, '00 08/01/2025', '0000-00-00', '09:00:00', '01:15:00', NULL),
(1271, '00 08/01/2025', '0000-00-00', '09:00:00', '01:15:00', NULL),
(1272, '00 08/01/2025', '0000-00-00', '09:00:00', '01:15:00', NULL),
(1273, '15 09/01/2025', '0000-00-00', '10:15:00', '01:15:00', 231),
(1274, '15 09/01/2025', '0000-00-00', '10:15:00', '01:15:00', 236),
(1275, '30 07/01/2025', '0000-00-00', '13:30:00', '01:00:00', NULL),
(1276, '30 07/01/2025', '0000-00-00', '13:30:00', '01:00:00', NULL),
(1277, '30 09/01/2025', '0000-00-00', '08:30:00', '01:00:00', NULL),
(1278, '30 09/01/2025', '0000-00-00', '16:30:00', '01:00:00', 230),
(1279, '15 27/02/2025', '0000-00-00', '13:15:00', '00:45:00', 232),
(1280, '00 25/03/2025', '0000-00-00', '15:00:00', '01:30:00', NULL),
(1281, '00 25/03/2025', '0000-00-00', '15:00:00', '01:30:00', NULL),
(1282, '30 02/04/2025', '0000-00-00', '13:30:00', '01:30:00', 232),
(1283, '15 02/04/2025', '0000-00-00', '08:15:00', '01:30:00', NULL),
(1284, '15 02/04/2025', '0000-00-00', '08:15:00', '01:30:00', NULL),
(1285, '15 02/04/2025', '0000-00-00', '10:15:00', '01:00:00', 230),
(1286, '45 01/04/2025', '0000-00-00', '14:45:00', '01:30:00', NULL),
(1287, '45 01/04/2025', '0000-00-00', '14:45:00', '01:30:00', NULL),
(1288, '00 31/03/2025', '0000-00-00', '10:00:00', '01:15:00', 232),
(1289, '15 31/03/2025', '0000-00-00', '08:15:00', '01:30:00', 232),
(1290, '15 03/06/2025', '0000-00-00', '15:15:00', '01:15:00', NULL),
(1291, '15 02/06/2025', '0000-00-00', '15:15:00', '01:15:00', NULL),
(1292, '15 02/06/2025', '0000-00-00', '15:15:00', '01:15:00', NULL),
(1293, '30 21/05/2025', '0000-00-00', '13:30:00', '01:30:00', 234),
(1294, '30 03/06/2025', '0000-00-00', '13:30:00', '01:15:00', NULL),
(1295, '30 03/06/2025', '0000-00-00', '13:30:00', '01:15:00', NULL),
(1296, '30 03/06/2025', '0000-00-00', '13:30:00', '01:15:00', NULL),
(1297, '30 03/06/2025', '0000-00-00', '13:30:00', '01:15:00', NULL),
(1298, '30 03/06/2025', '0000-00-00', '13:30:00', '01:15:00', NULL),
(1299, '30 03/06/2025', '0000-00-00', '13:30:00', '01:15:00', NULL),
(1300, '00 29/09/2025', '0000-00-00', '13:00:00', '01:30:00', NULL),
(1301, '00 29/09/2025', '0000-00-00', '13:00:00', '01:30:00', NULL),
(1302, '30 29/09/2025', '0000-00-00', '13:30:00', '01:30:00', 230),
(1303, '30 29/09/2025', '0000-00-00', '13:30:00', '01:30:00', 230),
(1304, '30 29/09/2025', '0000-00-00', '13:30:00', '01:00:00', NULL),
(1305, '30 29/09/2025', '0000-00-00', '13:30:00', '01:00:00', NULL),
(1306, '30 29/09/2025', '0000-00-00', '13:30:00', '01:00:00', NULL),
(1307, '30 07/10/2025', '0000-00-00', '15:30:00', '01:30:00', 232),
(1308, '30 07/10/2025', '0000-00-00', '15:30:00', '01:30:00', 232),
(1309, '30 15/10/2025', '0000-00-00', '08:30:00', '01:30:00', NULL),
(1310, '30 15/10/2025', '0000-00-00', '08:30:00', '01:00:00', NULL),
(1311, '30 14/10/2025', '0000-00-00', '08:30:00', '01:30:00', 239),
(1312, '30 14/10/2025', '0000-00-00', '08:30:00', '01:30:00', 239),
(1313, '30 14/10/2025', '0000-00-00', '08:30:00', '01:30:00', 239),
(1314, '30 13/10/2025', '0000-00-00', '12:30:00', '01:00:00', 241),
(1315, '00 22/10/2025', '0000-00-00', '08:00:00', '01:30:00', 240),
(1316, '00 22/10/2025', '0000-00-00', '08:00:00', '01:30:00', 240),
(1317, '00 22/10/2025', '0000-00-00', '08:00:00', '01:30:00', 240),
(1318, '00 17/11/2025', '0000-00-00', '08:00:00', '02:00:00', 230),
(1319, '30 02/11/2025', '0000-00-00', '08:30:00', '01:15:00', 240),
(1320, '30 02/11/2025', '0000-00-00', '08:30:00', '01:15:00', 240),
(1321, '15 12/11/2025', '0000-00-00', '11:15:00', '00:30:00', 236),
(1322, '00 14/11/2025', '0000-00-00', '08:00:00', '02:00:00', 230),
(1323, '00 14/11/2025', '0000-00-00', '08:00:00', '02:00:00', 230),
(1324, '00 17/11/2025', '0000-00-00', '08:00:00', '01:30:00', 230),
(1325, '00 17/11/2025', '0000-00-00', '08:00:00', '02:00:00', 230),
(1326, '00 27/11/2025', '0000-00-00', '08:00:00', '01:30:00', 232),
(1327, '00 03/12/2025', '0000-00-00', '10:00:00', '01:30:00', 239),
(1328, '00 03/12/2025', '0000-00-00', '10:00:00', '01:00:00', 239),
(1329, '30 17/12/2025', '0000-00-00', '10:30:00', '01:30:00', 236),
(1330, '30 18/11/2025', '0000-00-00', '08:30:00', '01:30:00', 239),
(1331, '30 18/11/2025', '0000-00-00', '08:30:00', '01:30:00', 239),
(1332, '30 18/11/2025', '0000-00-00', '08:30:00', '01:30:00', 239),
(1333, '00 24/11/2025', '0000-00-00', '10:00:00', '02:00:00', 230),
(1334, '00 24/11/2025', '0000-00-00', '08:00:00', '02:00:00', 230),
(1335, '00 24/11/2025', '0000-00-00', '08:00:00', '02:00:00', 230),
(1336, '30 24/11/2025', '0000-00-00', '14:30:00', '01:00:00', 240),
(1337, '30 03/12/2025', '0000-00-00', '08:30:00', '01:00:00', 240),
(1338, '30 03/12/2025', '0000-00-00', '08:30:00', '01:00:00', 240),
(1339, '30 03/12/2025', '0000-00-00', '08:30:00', '01:00:00', 240),
(1340, '30 03/12/2025', '0000-00-00', '08:30:00', '01:00:00', 240),
(1341, '30 08/12/2025', '0000-00-00', '13:30:00', '01:00:00', 241),
(1342, '30 08/12/2025', '0000-00-00', '13:30:00', '01:00:00', 241),
(1343, '30 10/12/2025', '0000-00-00', '08:30:00', '01:30:00', 232),
(1344, '30 10/12/2025', '0000-00-00', '08:30:00', '01:30:00', 232),
(1345, '00 16/12/2025', '0000-00-00', '08:00:00', '02:00:00', 240),
(1346, '00 16/12/2025', '0000-00-00', '08:00:00', '01:45:00', 240),
(1347, '00 16/12/2025', '0000-00-00', '08:00:00', '01:30:00', 240),
(1348, '00 16/12/2025', '0000-00-00', '08:00:00', '01:30:00', 240),
(1349, '30 17/12/2025', '0000-00-00', '13:30:00', '01:15:00', 236),
(1350, '00 16/12/2025', '0000-00-00', '10:00:00', '01:30:00', 240),
(1351, '00 16/12/2025', '0000-00-00', '10:00:00', '01:30:00', 240),
(1352, '00 16/12/2025', '0000-00-00', '10:00:00', '01:30:00', 240),
(1353, '30 06/01/2026', '0000-00-00', '08:30:00', '01:15:00', 240),
(1354, '30 06/01/2026', '0000-00-00', '08:30:00', '01:15:00', 240),
(1355, '00 07/01/2026', '0000-00-00', '10:00:00', '02:00:00', 240),
(1356, '00 07/01/2026', '0000-00-00', '10:00:00', '02:00:00', 240),
(1357, '30 07/01/2026', '0000-00-00', '13:30:00', '01:15:00', 236),
(1358, '30 09/01/2026', '0000-00-00', '08:30:00', '01:00:00', 239),
(1359, '30 09/01/2026', '0000-00-00', '08:30:00', '01:00:00', 239),
(1360, '00 07/01/2026', '0000-00-00', '08:00:00', '01:30:00', 230),
(1361, '00 07/01/2026', '0000-00-00', '08:00:00', '01:30:00', 230),
(1362, '00 07/01/2026', '0000-00-00', '08:00:00', '01:30:00', 230),
(1363, '30 06/01/2026', '0000-00-00', '13:30:00', '01:30:00', 230),
(1364, '00 18/02/2026', '0000-00-00', '09:00:00', '01:30:00', NULL),
(1365, '00 13/02/2026', '0000-00-00', '10:00:00', '01:30:00', 232);

-- --------------------------------------------------------

--
-- Structure de la table `devoir_groupe`
--

CREATE TABLE `devoir_groupe` (
  `id_devoir` int(10) UNSIGNED NOT NULL,
  `id_groupe` int(10) UNSIGNED NOT NULL
) ENGINE=InnoDB DEFAULT CHARSET=utf8mb4 COLLATE=utf8mb4_general_ci;

--
-- Déchargement des données de la table `devoir_groupe`
--

INSERT INTO `devoir_groupe` (`id_devoir`, `id_groupe`) VALUES
(1149, 6711),
(1165, 6716),
(1165, 6717),
(1173, 6716),
(1173, 6717),
(1173, 6718),
(1227, 6711),
(1242, 6722),
(1242, 6723),
(1243, 6716),
(1266, 6722),
(1266, 6723),
(1267, 6722),
(1267, 6723),
(1274, 6722),
(1274, 6723),
(1288, 6717),
(1288, 6718),
(1289, 6717),
(1302, 6716),
(1303, 6716),
(1311, 6727),
(1311, 6728),
(1311, 6730),
(1312, 6727),
(1312, 6728),
(1312, 6730),
(1313, 6729),
(1315, 6727),
(1315, 6729),
(1315, 6730),
(1316, 6727),
(1316, 6729),
(1316, 6730),
(1317, 6728),
(1319, 6727),
(1319, 6728),
(1319, 6730),
(1320, 6729),
(1321, 6720),
(1322, 6716),
(1323, 6716),
(1325, 6716),
(1327, 6727),
(1327, 6729),
(1327, 6730),
(1328, 6728),
(1329, 6722),
(1329, 6723),
(1330, 6727),
(1331, 6728),
(1331, 6729),
(1331, 6730),
(1332, 6728),
(1332, 6729),
(1332, 6730),
(1333, 6718),
(1334, 6717),
(1335, 6716),
(1337, 6727),
(1337, 6729),
(1337, 6730),
(1338, 6727),
(1338, 6728),
(1338, 6730),
(1339, 6729),
(1340, 6729),
(1345, 6727),
(1346, 6727),
(1347, 6730),
(1348, 6729),
(1349, 6720),
(1350, 6728),
(1351, 6727),
(1352, 6727),
(1353, 6727),
(1353, 6728),
(1353, 6730),
(1354, 6729),
(1355, 6727),
(1355, 6729),
(1355, 6730),
(1356, 6728),
(1357, 6722),
(1357, 6723),
(1358, 6727),
(1359, 6728),
(1359, 6729),
(1359, 6730),
(1360, 6717),
(1361, 6718),
(1362, 6716),
(1365, 6716);

-- --------------------------------------------------------

--
-- Structure de la table `devoir_promo`
--

CREATE TABLE `devoir_promo` (
  `id_devoir` int(10) UNSIGNED NOT NULL,
  `id_promo` int(10) UNSIGNED NOT NULL
) ENGINE=InnoDB DEFAULT CHARSET=utf8mb4 COLLATE=utf8mb4_general_ci;

--
-- Déchargement des données de la table `devoir_promo`
--

INSERT INTO `devoir_promo` (`id_devoir`, `id_promo`) VALUES
(1156, 90),
(1157, 90),
(1158, 90),
(1216, 90),
(1219, 88),
(1228, 90),
(1233, 88),
(1235, 89),
(1236, 88),
(1237, 90),
(1240, 90),
(1241, 88),
(1248, 90),
(1250, 90),
(1253, 88),
(1256, 88),
(1273, 90),
(1278, 88),
(1279, 88),
(1282, 88),
(1285, 88),
(1293, 90),
(1300, 92),
(1307, 88),
(1308, 88),
(1314, 92),
(1318, 88),
(1324, 88),
(1326, 88),
(1336, 92),
(1341, 92),
(1342, 92),
(1343, 88),
(1344, 88),
(1363, 88);

-- --------------------------------------------------------

--
-- Structure de la table `devoir_salle`
--

CREATE TABLE `devoir_salle` (
  `id_devoir` int(10) UNSIGNED NOT NULL,
  `id_salle` int(10) UNSIGNED NOT NULL
) ENGINE=InnoDB DEFAULT CHARSET=utf8mb4 COLLATE=utf8mb4_general_ci;

--
-- Déchargement des données de la table `devoir_salle`
--

INSERT INTO `devoir_salle` (`id_devoir`, `id_salle`) VALUES
(1149, 63),
(1156, 61),
(1157, 81),
(1158, 81),
(1165, 71),
(1165, 81),
(1173, 48),
(1216, 61),
(1219, 48),
(1227, 84),
(1228, 84),
(1233, 48),
(1235, 48),
(1236, 48),
(1237, 61),
(1240, 61),
(1241, 48),
(1242, 48),
(1243, 71),
(1248, 61),
(1250, 61),
(1253, 82),
(1256, 48),
(1266, 48),
(1267, 48),
(1273, 48),
(1274, 48),
(1278, 48),
(1279, 48),
(1282, 48),
(1285, 75),
(1288, 48),
(1289, 61),
(1293, 61),
(1300, 75),
(1302, 84),
(1303, 84),
(1307, 48),
(1308, 48),
(1311, 48),
(1312, 82),
(1313, 71),
(1314, 48),
(1315, 75),
(1316, 75),
(1317, 61),
(1318, 48),
(1319, 48),
(1320, 61),
(1321, 71),
(1322, 78),
(1323, 84),
(1324, 48),
(1325, 85),
(1326, 48),
(1327, 48),
(1328, 71),
(1329, 48),
(1330, 71),
(1331, 48),
(1332, 48),
(1333, 85),
(1334, 84),
(1335, 63),
(1336, 48),
(1337, 48),
(1338, 48),
(1339, 61),
(1340, 61),
(1341, 48),
(1342, 48),
(1343, 81),
(1344, 48),
(1345, 84),
(1346, 84),
(1347, 84),
(1348, 63),
(1349, 61),
(1350, 63),
(1351, 84),
(1352, 84),
(1353, 48),
(1354, 61),
(1355, 48),
(1356, 61),
(1357, 48),
(1358, 71),
(1359, 48),
(1360, 63),
(1361, 63),
(1362, 84),
(1363, 75),
(1365, 61);

-- --------------------------------------------------------

--
-- Structure de la table `enseignant`
--

CREATE TABLE `enseignant` (
  `id_ens` int(10) UNSIGNED NOT NULL,
  `nom_ens` varchar(50) NOT NULL,
  `prenom_ens` varchar(50) NOT NULL,
  `sexe` char(1) DEFAULT NULL,
  `login` varchar(50) DEFAULT NULL,
  `pass` varchar(255) DEFAULT NULL,
  `admin` tinyint(1) DEFAULT 0
) ENGINE=InnoDB DEFAULT CHARSET=utf8mb4 COLLATE=utf8mb4_general_ci;

--
-- Déchargement des données de la table `enseignant`
--

INSERT INTO `enseignant` (`id_ens`, `nom_ens`, `prenom_ens`, `sexe`, `login`, `pass`, `admin`) VALUES
(3, 'Roka', 'Zsuzsanna', 'F', 'roka', '3e66c584cf93e3b487922bb7405b0cc4', 1),
(21, 'Spengler', 'Anne', 'F', 'spengler', '3e66c584cf93e3b487922bb7405b0cc4', 1),
(31, 'Laroche', 'Pierre', 'M', 'laroche', '3e66c584cf93e3b487922bb7405b0cc4', 1),
(36, 'info', 'info', 'M', 'info', '3e66c584cf93e3b487922bb7405b0cc4', 0),
(40, 'Bougdira', 'Nathalie', 'F', 'bougnath', '3e66c584cf93e3b487922bb7405b0cc4', 0);

-- --------------------------------------------------------

--
-- Structure de la table `enseigne`
--

CREATE TABLE `enseigne` (
  `id_mat` int(10) UNSIGNED NOT NULL,
  `id_ens` int(10) UNSIGNED NOT NULL
) ENGINE=InnoDB DEFAULT CHARSET=utf8mb4 COLLATE=utf8mb4_general_ci;

-- --------------------------------------------------------

--
-- Structure de la table `etudiant`
--

CREATE TABLE `etudiant` (
  `id_etudiant` int(10) UNSIGNED NOT NULL,
  `nom_etudiant` varchar(50) NOT NULL,
  `prenom_etudiant` varchar(50) NOT NULL,
  `id_groupe` int(10) UNSIGNED NOT NULL,
  `demigr` tinyint(1) DEFAULT 0,
  `tiers_temps` tinyint(1) DEFAULT 0,
  `mob_reduite` tinyint(1) DEFAULT 0
) ENGINE=InnoDB DEFAULT CHARSET=utf8mb4 COLLATE=utf8mb4_general_ci;

--
-- Déchargement des données de la table `etudiant`
--

INSERT INTO `etudiant` (`id_etudiant`, `nom_etudiant`, `prenom_etudiant`, `id_groupe`, `demigr`, `tiers_temps`, `mob_reduite`) VALUES
(2700, 'BASBUNAR', 'Ahmet', 6727, NULL, 0, 0),
(2701, 'AKCAKAYA', 'Yasin', 6728, NULL, 0, 0),
(2702, 'CHAOUCH', 'Edy', 6729, NULL, 0, 0),
(2703, 'ALLEGRA', 'Ethan', 6730, NULL, 0, 0),
(2705, 'BOHLI', 'Mehdi', 6728, NULL, 0, 0),
(2706, 'DURAND', 'Jules', 6729, NULL, 0, 0),
(2707, 'BOURAINE', 'Zaccharia', 6730, NULL, 0, 0),
(2708, 'BOUDEUF-FARA', 'Seif', 6727, NULL, 0, 0),
(2709, 'FRANCK', 'Maël', 6728, NULL, 0, 0),
(2710, 'HAN', 'Halil-Ibrahim', 6729, NULL, 0, 0),
(2711, 'BOURZIK OUFLI', 'Aicha', 6730, NULL, 0, 0),
(2712, 'DRISSI', 'Lina', 6727, NULL, 0, 0),
(2713, 'GOERGER', 'Tom', 6728, NULL, 0, 0),
(2714, 'MADDI', 'Wassim', 6729, NULL, 0, 0),
(2715, 'CHAOUAY TISSIR', 'Salma', 6730, NULL, 0, 0),
(2716, 'FARGES', 'Juliette', 6727, NULL, 0, 0),
(2717, 'KARAMAN', 'Kemal', 6728, NULL, 0, 0),
(2718, 'MAROUF', 'Yanice', 6729, NULL, 0, 0),
(2719, 'COLLANGE', 'Angel', 6730, NULL, 0, 0),
(2720, 'GALIOTTO', 'Lily', 6727, NULL, 0, 0),
(2721, 'LOUYOT', 'Vincent', 6728, NULL, 0, 0),
(2722, 'MECHKENE', 'Aimen', 6729, NULL, 0, 0),
(2723, 'CRISTOVAO', 'Phyléas', 6730, NULL, 0, 0),
(2724, 'HAMRANI', 'Lounis', 6727, NULL, 0, 0),
(2725, 'MAUME', 'Adam', 6728, NULL, 0, 0),
(2726, 'MEDDAHI', 'Ilyès', 6729, NULL, 0, 0),
(2727, 'DECAILLOT', 'Gabin', 6730, NULL, 0, 0),
(2728, 'HUERTAS', 'Samuel', 6727, NULL, 0, 0),
(2729, 'OULD RABAH', 'Jabril', 6728, NULL, 0, 0),
(2730, 'MIGUEL-MATOS', 'Matteo', 6729, NULL, 0, 0),
(2731, 'ELBAYANE', 'Adam', 6730, NULL, 0, 0),
(2732, 'LELONG', 'Victor', 6727, NULL, 0, 0),
(2733, 'PLANTEGENET', 'Ethan', 6728, NULL, 0, 0),
(2734, 'SAHRAOUI', 'Zayd', 6729, NULL, 1, 0),
(2735, 'LOUSSAìEF', 'Melvil', 6730, NULL, 0, 0),
(2736, 'MORI', 'Flavien ', 6727, NULL, 0, 0),
(2738, 'SEHBAOUI HAQBANE', 'Mohamed Charif', 6729, NULL, 0, 0),
(2739, 'NIANG', 'Alexandre', 6730, NULL, 0, 0),
(2740, 'OURY', 'Nicolas', 6727, NULL, 0, 0),
(2741, 'VARY', 'Maxime', 6728, NULL, 0, 0),
(2742, 'TOPUZ', 'Emin', 6729, NULL, 0, 0),
(2743, 'TREVIEN', 'Erwan', 6730, NULL, 0, 0),
(2744, 'SCHMITTAG', 'Léane', 6727, NULL, 1, 0),
(2745, 'YUCE', 'Berat', 6728, NULL, 0, 0),
(2746, 'ZAIT', 'Rayan', 6729, NULL, 0, 0),
(2748, 'ALLALOU', 'Yassine', 6727, NULL, 0, 0),
(2749, 'ABADELIA', 'Yanis', 6728, NULL, 0, 0),
(2750, 'ZAIT', 'Adel', 6729, NULL, 0, 0),
(2751, 'ZGUIT', 'Mounib', 6730, NULL, 0, 0),
(2752, 'AMRI', 'Naïm', 6727, NULL, 0, 0),
(2753, 'ABOUDI', 'Yanis', 6728, NULL, 0, 0),
(2754, 'AUMONT', 'Julie', 6729, NULL, 0, 0),
(2755, 'ATZORI JARI', 'Nahel', 6730, NULL, 0, 0),
(2757, 'CARREIRAS', 'Teo', 6728, NULL, 0, 0),
(2758, 'BIELUK', 'Constant', 6729, NULL, 0, 0),
(2759, 'FRICK', 'Camïl', 6730, NULL, 0, 0),
(2760, 'CARDOT', 'Damien', 6727, NULL, 0, 0),
(2761, 'CARTIER', 'Enzo', 6728, NULL, 0, 0),
(2762, 'GOUDANE', 'Nizam', 6729, NULL, 0, 0),
(2763, 'GALLOIS-TROUPEL', 'Charles', 6730, NULL, 0, 0),
(2764, 'DJILALI', 'Ilyes', 6727, NULL, 0, 0),
(2765, 'KPONTON', 'Clevy', 6728, NULL, 0, 0),
(2767, 'GRIBI', 'Ahmed', 6730, NULL, 0, 0),
(2768, 'GROSS', 'Matthieu', 6727, NULL, 0, 0),
(2769, 'LECLERE', 'Tom', 6728, NULL, 0, 0),
(2770, 'MULLER', 'Odine', 6729, NULL, 0, 0),
(2771, 'GUITTOUNE', 'Abderezak', 6730, NULL, 0, 0),
(2772, 'GUELEN', 'Thélo', 6727, NULL, 0, 0),
(2773, 'LOEW', 'Adrien', 6728, NULL, 0, 0),
(2774, 'POLNECQ', 'Ethan', 6729, NULL, 0, 0),
(2775, 'IZLA', 'Iliesse', 6730, NULL, 0, 0),
(2776, 'GUEPRATTE', 'Ethan', 6727, NULL, 0, 0),
(2777, 'MOUFID', 'Selma', 6728, NULL, 0, 0),
(2778, 'ROSSI', 'Joey', 6729, NULL, 0, 0),
(2779, 'LEFORT', 'Paul', 6730, NULL, 0, 0),
(2780, 'LEBRETON', 'Adrien', 6727, NULL, 0, 0),
(2781, 'MVUANDA NZIMBU', 'Exaucé', 6728, NULL, 0, 0),
(2782, 'SARTORE', 'Matthieu', 6729, NULL, 0, 0),
(2783, 'LELLU', 'Lucas', 6730, NULL, 0, 0),
(2784, 'MACHTA', 'Mohamed', 6727, NULL, 0, 0),
(2785, 'REMADNA', 'Yanis', 6728, NULL, 0, 0),
(2786, 'VUILLAUME', 'Matthias', 6729, NULL, 0, 0),
(2788, 'MARQUES-MONTEIRO', 'Dorian', 6727, NULL, 0, 0),
(2789, 'REZZIK', 'Sonya', 6728, NULL, 0, 0),
(2791, 'MULLER', 'Arnaud', 6730, NULL, 1, 0),
(2792, 'RABAH', 'Aissa-Yanis', 6727, NULL, 0, 0),
(2793, 'WELTER', 'Kenzo', 6728, NULL, 0, 0),
(2794, 'YOKUS', 'Sena', 6729, NULL, 0, 0),
(2795, 'OULAÏD', 'Adel', 6730, NULL, 0, 0),
(2797, 'RIVES-CONTAMIN4.2', 'Irénée', 6730, NULL, 0, 0),
(2870, 'ADAM', 'Mathis', 6716, NULL, 0, 0),
(2871, 'ARSLAN', 'Adem', 6717, NULL, 0, 0),
(2872, 'GAÜZÈRE', 'Julien', 6718, NULL, 0, 0),
(2873, 'ADOLPH', 'Noa', 6716, NULL, 0, 0),
(2874, 'BARRE', 'Alexandre', 6717, NULL, 0, 0),
(2875, 'GINOT', 'Auguste', 6718, NULL, 1, 0),
(2876, 'BAILLY', 'Clément', 6716, NULL, 0, 0),
(2877, 'BENMOUFFEK', 'Anaïs', 6717, NULL, 0, 0),
(2878, 'RICHET', 'Fabien', 6718, NULL, 0, 0),
(2879, 'BARETH', 'Aymeric', 6716, NULL, 0, 0),
(2880, 'COLASSE', 'Nathan', 6717, NULL, 0, 0),
(2882, 'BAYIHA-MBARGA', 'Dieudonné', 6716, NULL, 0, 0),
(2883, 'FADILY', 'Ikrame', 6717, NULL, 0, 0),
(2884, 'THIS', 'Esteban', 6718, NULL, 0, 0),
(2885, 'BOGUET', 'Thomas', 6716, NULL, 0, 0),
(2886, 'FEISTHAUER', 'Simon', 6717, NULL, 0, 0),
(2887, 'TIRONI', 'Baptiste', 6718, NULL, 0, 0),
(2888, 'BONKOSKI', 'Ange', 6716, NULL, 0, 0),
(2889, 'LAURI', 'Mattéo', 6717, NULL, 0, 0),
(2890, 'CORONA', 'Nikola', 6718, NULL, 0, 0),
(2891, 'CHAOUCHI', 'Aksel', 6716, NULL, 0, 0),
(2893, 'GIORDANI', 'Enzo', 6718, NULL, 0, 0),
(2894, 'DARCIAUX', 'Yoann', 6716, NULL, 0, 0),
(2895, 'LEONARD--RUBECK', 'Enzo', 6717, NULL, 1, 0),
(2896, 'HUET', 'Séverin', 6718, NULL, 0, 0),
(2897, 'DOBOS', 'Léo', 6716, NULL, 0, 0),
(2898, 'PETROVIC', 'Hugo', 6717, NULL, 0, 0),
(2899, 'BOUHOUCH', 'Chouaib', 6718, NULL, 0, 0),
(2900, 'FEIPEL', 'Aurélien', 6716, NULL, 0, 0),
(2901, 'ROUX', 'Mathieu', 6717, NULL, 0, 0),
(2902, 'KHOUCHI', 'Inas', 6718, NULL, 1, 0),
(2903, 'FUSCIELLO', 'Baptiste', 6716, NULL, 0, 0),
(2904, 'SCHUMACHER', 'Théo', 6717, NULL, 0, 0),
(2905, 'LADURELLE', 'Alexis', 6718, NULL, 1, 0),
(2906, 'MALLINGER', 'Robin', 6716, NULL, 0, 0),
(2907, 'TOK', 'Mikail            ', 6717, NULL, 0, 0),
(2908, 'PIZETTE', 'Bartholomé', 6718, NULL, 0, 0),
(2909, 'MARCHAL', 'Aurelien', 6716, NULL, 0, 0),
(2910, 'TOPAL', 'Fatih', 6717, NULL, 0, 0),
(2911, 'SALVADORI', 'Theo', 6718, NULL, 0, 0),
(2912, 'PERON', 'Ethan', 6716, NULL, 0, 0),
(2913, 'DENOYELLE', 'Victorien', 6717, NULL, 0, 0),
(2914, 'ZOLLER', 'Mathieu', 6717, NULL, 0, 0),
(2915, 'ALICI', 'Teoman', 6716, NULL, 0, 0),
(2916, 'FREY', 'Thomas', 6717, NULL, 0, 0),
(2917, 'BENDEKKICHE', 'Sajad', 6716, NULL, 0, 0),
(2918, 'GIRRES', 'Alice', 6717, NULL, 0, 0),
(2919, 'BOSCAROL', 'Francis', 6716, NULL, 0, 0),
(2920, 'GOEPFERT-BROUTTA', 'Maé', 6717, NULL, 0, 0),
(2921, 'EL AAMERY', 'Ilyas', 6716, NULL, 0, 0),
(2922, 'HEYTIENNE', 'Mathis', 6717, NULL, 0, 0),
(2923, 'GRAìNE', 'Yanis', 6716, NULL, 0, 0),
(2924, 'KIRCHER', 'Nino', 6717, NULL, 0, 0),
(2925, 'ISLER', 'Maxence', 6716, NULL, 0, 0),
(2926, 'LAMBERT', 'Quentin', 6717, NULL, 0, 0),
(2927, 'JOLY', 'Aurélien', 6716, NULL, 0, 0),
(2928, 'LUPO', 'Loïc', 6718, NULL, 0, 0),
(2929, 'PRANDATO', 'Jade', 6716, NULL, 0, 0),
(2930, 'OUKARA', 'Anass', 6717, NULL, 0, 0),
(2931, 'QUENTIN', 'Bastien', 6716, NULL, 0, 0),
(2932, 'PLANCHER', 'Matteo', 6717, NULL, 0, 0),
(2933, 'ROUMILI', 'Rabah', 6716, NULL, 0, 0),
(2934, 'SCHOU', 'Lilian', 6717, NULL, 0, 0),
(2935, 'SWIATOKA', 'Maximilien', 6716, NULL, 0, 0),
(2936, 'SIMON', 'Leopold', 6717, NULL, 0, 0),
(2937, 'TAVERNI', 'Alexandre', 6716, NULL, 0, 0),
(2938, 'STILLE', 'Evan', 6717, NULL, 0, 0),
(2939, 'TUNC', 'Yilmaz', 6716, NULL, 0, 0),
(2940, 'TRIBUT', 'Enzo', 6717, NULL, 0, 0),
(2941, 'WADDELL', 'Simon', 6716, NULL, 0, 0),
(2944, 'SCHAAL', 'Olivier', 6718, NULL, 0, 0),
(2945, 'ALIU', 'AMIR', 6720, NULL, 0, 0),
(2946, 'ABBAZ', 'OUADIE', 6722, NULL, 1, 0),
(2947, 'AIT BAMMOU', 'ZAIN-AL-ABAIDINE', 6723, NULL, 0, 0),
(2948, 'BILLAUD', 'MAXIME', 6720, NULL, 0, 0),
(2949, 'ACQUISTAPACE', 'ARNAUD', 6722, NULL, 0, 0),
(2950, 'BEETS', 'HUGO', 6723, NULL, 0, 0),
(2951, 'BOGLIONI', 'AMINE', 6720, NULL, 0, 0),
(2952, 'AIT BAHA', 'SAID', 6722, NULL, 0, 0),
(2953, 'BIGORGNE', 'MATTHEO', 6723, NULL, 0, 0),
(2954, 'CLAREN', 'TOM', 6720, NULL, 0, 0),
(2955, 'AIT CHIKHOUNE', 'AMER', 6722, NULL, 0, 0),
(2956, 'BONDON', 'LORIC', 6723, NULL, 0, 0),
(2957, 'CONDENSEAU', 'MATTHILDE', 6720, NULL, 0, 0),
(2958, 'BOUCHATROUCH', 'KAISS', 6722, NULL, 0, 0),
(2959, 'BOUSSER', 'FLORIAN', 6723, NULL, 0, 0),
(2960, 'DAMINI', 'THIBAULT', 6720, NULL, 0, 0),
(2961, 'BRAHMIA', 'NOUREDDINE', 6722, NULL, 0, 0),
(2962, 'BRODIER', 'BAPTISTE', 6723, NULL, 0, 0),
(2963, 'GHELAISSA', 'MOHAMED-AMINE', 6720, NULL, 0, 0),
(2964, 'BROCHOT', 'JOSHUA', 6722, NULL, 0, 0),
(2965, 'CHEMIN', 'MAXIME', 6723, NULL, 0, 0),
(2966, 'GLAD', 'ALEXY', 6720, NULL, 0, 0),
(2967, 'CHOLLET', 'THOMAS', 6722, NULL, 0, 0),
(2968, 'DUBOT', 'GATIEN', 6723, NULL, 0, 0),
(2969, 'GUILLOUET', 'ETHAN', 6720, NULL, 0, 0),
(2970, 'DRAGHI', 'GILLES', 6722, NULL, 0, 0),
(2971, 'ESTREICH', 'ETHAN', 6723, NULL, 1, 0),
(2972, 'GUL', 'CANER', 6720, NULL, 0, 0),
(2973, 'FRIES', 'MATHIAS', 6722, NULL, 0, 0),
(2974, 'FERRIGNO', 'DESIREE', 6723, NULL, 0, 0),
(2975, 'INCEDAL', 'DYLAN', 6720, NULL, 0, 0),
(2976, 'IDOUX', 'CLEMENT', 6722, NULL, 0, 0),
(2977, 'GUILLERAY', 'STANISLAS', 6723, NULL, 0, 0),
(2978, 'KUHNAPFEL', 'MATHIEU', 6720, NULL, 0, 0),
(2979, 'KERBER', 'ALEXANDRE', 6722, NULL, 0, 0),
(2980, 'HALLER', 'MARGAUX', 6723, NULL, 0, 0),
(2981, 'MADENSPACHER', 'LUCAS', 6720, NULL, 0, 0),
(2982, 'KESSELER', 'ALEXANDRE', 6722, NULL, 0, 0),
(2983, 'HEMMERT', 'MAXENCE', 6723, NULL, 0, 0),
(2984, 'MURE', 'TITOUAN', 6720, NULL, 0, 0),
(2985, 'LALLEMAND', 'THEOPHILE', 6722, NULL, 1, 0),
(2986, 'HMAMID', 'IBRAHIM', 6723, NULL, 0, 0),
(2987, 'NORMAND', 'TRYSTAN', 6720, NULL, 0, 0),
(2988, 'LE GALL', 'PIERRE-YVES', 6722, NULL, 0, 0),
(2989, 'HO', 'MEI-YI', 6723, NULL, 0, 0),
(2990, 'PAGES', 'GUILLAUME', 6720, NULL, 0, 0),
(2991, 'MAKOGON', 'DIMITRI', 6722, NULL, 0, 0),
(2992, 'HOFF', 'NICOLAS', 6723, NULL, 1, 0),
(2993, 'PHILLIPS--KLEIN', 'LOAN', 6720, NULL, 0, 0),
(2994, 'MELOSSO', 'TOM', 6722, NULL, 0, 0),
(2995, 'HUMBERT', 'GABIN', 6723, NULL, 0, 0),
(2996, 'SABR', 'WASSIM', 6720, NULL, 1, 0),
(2997, 'MORINON', 'LILIAN', 6722, NULL, 0, 0),
(2998, 'JANTZEN', 'THIBAUT', 6723, NULL, 0, 0),
(2999, 'SAIDANI', 'ANIS', 6720, NULL, 0, 0),
(3000, 'OUHEMMI', 'IMRANE', 6722, NULL, 0, 0),
(3001, 'KURLUKOV', 'MAKSYM', 6723, NULL, 0, 0),
(3002, 'SI ABDALLAH', 'ENZO', 6720, NULL, 0, 0),
(3003, 'PERRI', 'BAPTISTE', 6722, NULL, 0, 0),
(3004, 'LUTZ', 'ARTHUR', 6723, NULL, 0, 0),
(3005, 'SIHARATH', 'NOAH', 6720, NULL, 0, 0),
(3006, 'RAHUEL', 'BASTIEN', 6722, NULL, 0, 0),
(3007, 'PAQUET--KREMER', 'ROBIN', 6723, NULL, 0, 0),
(3008, 'SOULEY ALI', 'RIHAN', 6720, NULL, 1, 0),
(3009, 'RIESE', 'TOM', 6722, NULL, 0, 0),
(3010, 'PORTAIS', 'NICOLAS', 6723, NULL, 0, 0),
(3011, 'TAFIROULT', 'DJIBRIL', 6720, NULL, 0, 0),
(3012, 'SABATIER', 'ROMAIN', 6722, NULL, 0, 0),
(3013, 'RUIZ', 'PAUL', 6723, NULL, 1, 0),
(3014, 'TRIVINO', 'DIEGO', 6722, NULL, 0, 0),
(3015, 'SCHALLER', 'THEO', 6723, NULL, 0, 0),
(3016, 'VARAGNAT', 'CHRIS', 6723, NULL, 0, 0),
(3017, 'VENNER', 'MAXENCE', 6723, NULL, 0, 0),
(3018, 'ANSOUL', 'OWEN', 6711, NULL, 0, 0),
(3019, 'BA', 'ARONA', 6711, NULL, 0, 0),
(3020, 'BENJAMIN', 'SYLVIO', 6711, NULL, 0, 0),
(3021, 'BILLIN', 'JIMMY', 6711, NULL, 0, 0),
(3022, 'CHYLAK', 'KILYAN', 6711, NULL, 0, 0),
(3023, 'HILGER', 'ALEXIS', 6711, NULL, 0, 0),
(3024, 'HOUMADI', 'ONRFANE', 6711, NULL, 0, 0),
(3025, 'IMOGO IMOGO', 'NATHAN', 6711, NULL, 0, 0),
(3026, 'KHEBACHE', 'CAMYL', 6711, NULL, 0, 0),
(3027, 'KOCH', 'LEA', 6711, NULL, 1, 0),
(3028, 'MAKOGON', 'VALENTIN', 6711, NULL, 0, 0),
(3029, 'MEHADJI', 'NAHIM', 6711, NULL, 0, 0),
(3030, 'PECORARO', 'HUGO', 6711, NULL, 0, 0),
(3031, 'PETITJEAN', 'GABRIEL', 6711, NULL, 0, 0),
(3032, 'THOMAS', 'MICKAEL', 6711, NULL, 0, 0),
(3033, 'UNVER', 'UZEYIR', 6711, NULL, 0, 0),
(3034, 'ISHAK', 'Yacine', 6716, NULL, 0, 0);

-- --------------------------------------------------------

--
-- Structure de la table `groupe`
--

CREATE TABLE `groupe` (
  `id_groupe` int(10) UNSIGNED NOT NULL,
  `nom_groupe` varchar(50) NOT NULL,
  `id_promo` int(10) UNSIGNED NOT NULL,
  `nb_etud` int(10) UNSIGNED NOT NULL
) ENGINE=InnoDB DEFAULT CHARSET=utf8mb4 COLLATE=utf8mb4_general_ci;

--
-- Déchargement des données de la table `groupe`
--

INSERT INTO `groupe` (`id_groupe`, `nom_groupe`, `id_promo`, `nb_etud`) VALUES
(6711, 'Groupe 1', 90, 44),
(6716, 'Groupe 1', 88, 141),
(6717, 'Groupe 2', 88, 133),
(6718, 'Groupe 3', 88, 64),
(6720, 'Groupe 1', 89, 49),
(6722, 'Groupe 2', 89, 66),
(6723, 'Groupe 3', 89, 67),
(6727, '1', 92, 92),
(6728, '2', 92, 118),
(6729, '3', 92, 48),
(6730, '4', 92, 50);

-- --------------------------------------------------------

--
-- Structure de la table `matiere`
--

CREATE TABLE `matiere` (
  `id_mat` int(10) UNSIGNED NOT NULL,
  `nom_mat` varchar(100) NOT NULL,
  `id_promo` int(10) UNSIGNED NOT NULL
) ENGINE=InnoDB DEFAULT CHARSET=utf8mb4 COLLATE=utf8mb4_general_ci;

--
-- Déchargement des données de la table `matiere`
--

INSERT INTO `matiere` (`id_mat`, `nom_mat`, `id_promo`) VALUES
(224, 'Eco-Gestion-Droit', 90),
(230, 'Informatique', 88),
(231, 'Math', 90),
(232, 'Math', 88),
(233, 'Eco-Gestion-Droit', 88),
(234, 'Informatique', 90),
(235, 'Informatique', 89),
(236, 'Math', 89),
(237, 'Eco-Gestion-Droit', 89),
(239, 'Math', 92),
(240, 'Informatique', 92),
(241, 'Eco-Gestion-Droit', 92);

-- --------------------------------------------------------

--
-- Structure de la table `placement`
--

CREATE TABLE `placement` (
  `id_etudiant` int(10) UNSIGNED NOT NULL,
  `id_devoir` int(10) UNSIGNED NOT NULL,
  `id_salle` int(10) UNSIGNED NOT NULL,
  `place_x` int(10) UNSIGNED NOT NULL,
  `place_y` int(10) UNSIGNED NOT NULL
) ENGINE=InnoDB DEFAULT CHARSET=utf8mb4 COLLATE=utf8mb4_general_ci;

--
-- Déchargement des données de la table `placement`
--

INSERT INTO `placement` (`id_etudiant`, `id_devoir`, `id_salle`, `place_x`, `place_y`) VALUES
(2700, 1304, 48, 2, 6),
(2700, 1305, 48, 9, 8),
(2700, 1309, 48, 5, 0),
(2700, 1311, 48, 10, 2),
(2700, 1312, 82, 6, 12),
(2700, 1314, 48, 8, 10),
(2700, 1315, 75, 3, 2),
(2700, 1316, 75, 6, 4),
(2700, 1319, 48, 9, 10),
(2700, 1327, 48, 8, 14),
(2700, 1330, 71, 2, 2),
(2700, 1336, 48, 10, 9),
(2700, 1337, 48, 4, 8),
(2700, 1338, 48, 2, 0),
(2700, 1341, 48, 5, 8),
(2700, 1342, 48, 2, 6),
(2700, 1345, 84, 5, 2),
(2700, 1346, 84, 2, 0),
(2700, 1351, 84, 2, 0),
(2700, 1352, 84, 1, 0),
(2700, 1353, 48, 8, 0),
(2700, 1355, 48, 10, 2),
(2700, 1358, 71, 6, 6),
(2701, 1306, 61, 1, 4),
(2701, 1310, 71, 2, 7),
(2701, 1311, 48, 4, 6),
(2701, 1312, 82, 5, 10),
(2701, 1314, 48, 1, 2),
(2701, 1317, 61, 7, 8),
(2701, 1319, 48, 8, 8),
(2701, 1328, 71, 4, 7),
(2701, 1331, 48, 9, 10),
(2701, 1332, 48, 3, 4),
(2701, 1336, 48, 6, 6),
(2701, 1338, 48, 8, 12),
(2701, 1341, 48, 9, 3),
(2701, 1342, 48, 10, 7),
(2701, 1350, 63, 1, 6),
(2701, 1353, 48, 5, 14),
(2701, 1356, 61, 5, 4),
(2701, 1359, 48, 6, 6),
(2702, 1304, 48, 9, 2),
(2702, 1305, 48, 9, 14),
(2702, 1309, 48, 2, 6),
(2702, 1313, 71, 1, 5),
(2702, 1314, 48, 8, 4),
(2702, 1315, 75, 7, 14),
(2702, 1316, 75, 9, 4),
(2702, 1320, 61, 5, 8),
(2702, 1327, 48, 2, 14),
(2702, 1331, 48, 2, 0),
(2702, 1332, 48, 2, 4),
(2702, 1336, 48, 9, 7),
(2702, 1337, 48, 4, 14),
(2702, 1339, 61, 1, 6),
(2702, 1340, 61, 5, 6),
(2702, 1341, 48, 5, 6),
(2702, 1342, 48, 2, 14),
(2702, 1348, 63, 1, 10),
(2702, 1354, 61, 7, 8),
(2702, 1355, 48, 6, 8),
(2702, 1359, 48, 8, 8),
(2703, 1304, 48, 10, 4),
(2703, 1305, 48, 8, 12),
(2703, 1309, 48, 7, 2),
(2703, 1311, 48, 7, 6),
(2703, 1312, 82, 7, 12),
(2703, 1314, 48, 8, 2),
(2703, 1315, 75, 7, 4),
(2703, 1316, 75, 8, 14),
(2703, 1319, 48, 3, 6),
(2703, 1327, 48, 9, 6),
(2703, 1331, 48, 5, 2),
(2703, 1332, 48, 3, 10),
(2703, 1336, 48, 6, 14),
(2703, 1337, 48, 9, 12),
(2703, 1338, 48, 6, 4),
(2703, 1341, 48, 3, 8),
(2703, 1342, 48, 7, 14),
(2703, 1347, 84, 5, 2),
(2703, 1353, 48, 9, 6),
(2703, 1355, 48, 9, 2),
(2703, 1359, 48, 5, 6),
(2705, 1306, 61, 5, 8),
(2705, 1310, 71, 2, 3),
(2705, 1311, 48, 9, 8),
(2705, 1312, 82, 10, 8),
(2705, 1314, 48, 2, 12),
(2705, 1317, 61, 5, 4),
(2705, 1319, 48, 6, 8),
(2705, 1328, 71, 0, 5),
(2705, 1331, 48, 2, 2),
(2705, 1332, 48, 3, 8),
(2705, 1336, 48, 8, 6),
(2705, 1338, 48, 8, 6),
(2705, 1341, 48, 2, 2),
(2705, 1342, 48, 3, 0),
(2705, 1350, 63, 0, 8),
(2705, 1353, 48, 4, 0),
(2705, 1356, 61, 8, 6),
(2705, 1359, 48, 5, 4),
(2706, 1304, 48, 7, 0),
(2706, 1305, 48, 7, 0),
(2706, 1309, 48, 7, 12),
(2706, 1313, 71, 6, 7),
(2706, 1314, 48, 6, 0),
(2706, 1315, 75, 3, 10),
(2706, 1316, 75, 8, 8),
(2706, 1320, 61, 3, 2),
(2706, 1327, 48, 4, 8),
(2706, 1331, 48, 2, 8),
(2706, 1332, 48, 2, 14),
(2706, 1336, 48, 10, 7),
(2706, 1337, 48, 10, 8),
(2706, 1339, 61, 7, 4),
(2706, 1340, 61, 9, 4),
(2706, 1341, 48, 6, 2),
(2706, 1342, 48, 9, 0),
(2706, 1348, 63, 2, 10),
(2706, 1354, 61, 5, 6),
(2706, 1355, 48, 5, 0),
(2706, 1359, 48, 3, 4),
(2707, 1304, 48, 4, 10),
(2707, 1305, 48, 5, 4),
(2707, 1309, 48, 1, 6),
(2707, 1311, 48, 4, 8),
(2707, 1312, 82, 2, 12),
(2707, 1314, 48, 10, 2),
(2707, 1315, 75, 8, 0),
(2707, 1316, 75, 8, 10),
(2707, 1319, 48, 10, 2),
(2707, 1327, 48, 3, 2),
(2707, 1331, 48, 9, 8),
(2707, 1332, 48, 9, 4),
(2707, 1336, 48, 8, 2),
(2707, 1337, 48, 7, 14),
(2707, 1338, 48, 9, 8),
(2707, 1341, 48, 9, 11),
(2707, 1342, 48, 6, 6),
(2707, 1347, 84, 5, 1),
(2707, 1353, 48, 9, 0),
(2707, 1355, 48, 3, 12),
(2707, 1359, 48, 9, 10),
(2708, 1304, 48, 5, 0),
(2708, 1305, 48, 6, 6),
(2708, 1309, 48, 2, 8),
(2708, 1311, 48, 2, 10),
(2708, 1312, 82, 8, 10),
(2708, 1314, 48, 7, 12),
(2708, 1315, 75, 10, 0),
(2708, 1316, 75, 7, 2),
(2708, 1319, 48, 5, 14),
(2708, 1327, 48, 10, 4),
(2708, 1330, 71, 5, 4),
(2708, 1336, 48, 10, 14),
(2708, 1337, 48, 4, 2),
(2708, 1338, 48, 7, 0),
(2708, 1341, 48, 1, 10),
(2708, 1342, 48, 8, 6),
(2708, 1345, 84, 5, 4),
(2708, 1346, 84, 0, 4),
(2708, 1351, 84, 4, 0),
(2708, 1352, 84, 4, 2),
(2708, 1353, 48, 5, 10),
(2708, 1355, 48, 7, 10),
(2708, 1358, 71, 3, 2),
(2709, 1306, 61, 9, 6),
(2709, 1310, 71, 5, 3),
(2709, 1311, 48, 5, 0),
(2709, 1312, 82, 4, 2),
(2709, 1314, 48, 9, 7),
(2709, 1317, 61, 5, 8),
(2709, 1319, 48, 3, 10),
(2709, 1328, 71, 4, 3),
(2709, 1331, 48, 2, 12),
(2709, 1332, 48, 2, 8),
(2709, 1336, 48, 3, 12),
(2709, 1338, 48, 10, 2),
(2709, 1341, 48, 5, 14),
(2709, 1342, 48, 9, 5),
(2709, 1350, 63, 2, 4),
(2709, 1353, 48, 4, 6),
(2709, 1356, 61, 7, 6),
(2709, 1359, 48, 8, 2),
(2710, 1304, 48, 5, 10),
(2710, 1305, 48, 4, 10),
(2710, 1309, 48, 8, 12),
(2710, 1313, 71, 2, 5),
(2710, 1314, 48, 10, 13),
(2710, 1315, 75, 5, 6),
(2710, 1316, 75, 4, 4),
(2710, 1320, 61, 5, 2),
(2710, 1327, 48, 8, 0),
(2710, 1331, 48, 1, 2),
(2710, 1332, 48, 1, 14),
(2710, 1336, 48, 1, 8),
(2710, 1337, 48, 10, 10),
(2710, 1339, 61, 5, 2),
(2710, 1340, 61, 5, 4),
(2710, 1341, 48, 7, 0),
(2710, 1342, 48, 10, 0),
(2710, 1348, 63, 1, 2),
(2710, 1354, 61, 7, 4),
(2710, 1355, 48, 3, 14),
(2710, 1359, 48, 8, 4),
(2711, 1304, 48, 10, 12),
(2711, 1305, 48, 2, 8),
(2711, 1309, 48, 2, 12),
(2711, 1311, 48, 2, 4),
(2711, 1312, 82, 9, 4),
(2711, 1314, 48, 5, 2),
(2711, 1315, 75, 9, 1),
(2711, 1316, 75, 7, 6),
(2711, 1319, 48, 8, 0),
(2711, 1327, 48, 3, 6),
(2711, 1331, 48, 2, 6),
(2711, 1332, 48, 5, 14),
(2711, 1336, 48, 10, 11),
(2711, 1337, 48, 8, 10),
(2711, 1338, 48, 7, 2),
(2711, 1341, 48, 3, 6),
(2711, 1342, 48, 8, 4),
(2711, 1347, 84, 5, 6),
(2711, 1353, 48, 3, 8),
(2711, 1355, 48, 6, 6),
(2711, 1359, 48, 5, 2),
(2712, 1304, 48, 5, 4),
(2712, 1305, 48, 2, 4),
(2712, 1309, 48, 8, 0),
(2712, 1311, 48, 6, 6),
(2712, 1312, 82, 10, 10),
(2712, 1314, 48, 4, 0),
(2712, 1315, 75, 6, 6),
(2712, 1316, 75, 2, 6),
(2712, 1319, 48, 7, 0),
(2712, 1327, 48, 9, 12),
(2712, 1330, 71, 6, 2),
(2712, 1336, 48, 5, 6),
(2712, 1337, 48, 5, 8),
(2712, 1338, 48, 8, 0),
(2712, 1341, 48, 6, 6),
(2712, 1342, 48, 3, 2),
(2712, 1345, 84, 1, 4),
(2712, 1346, 84, 4, 0),
(2712, 1351, 84, 1, 0),
(2712, 1352, 84, 4, 0),
(2712, 1353, 48, 10, 12),
(2712, 1355, 48, 7, 4),
(2712, 1358, 71, 5, 6),
(2713, 1306, 61, 7, 2),
(2713, 1310, 71, 3, 0),
(2713, 1311, 48, 4, 14),
(2713, 1312, 82, 4, 14),
(2713, 1314, 48, 9, 14),
(2713, 1317, 61, 3, 6),
(2713, 1319, 48, 8, 10),
(2713, 1328, 71, 6, 5),
(2713, 1331, 48, 7, 6),
(2713, 1332, 48, 9, 12),
(2713, 1336, 48, 10, 4),
(2713, 1338, 48, 5, 0),
(2713, 1341, 48, 8, 14),
(2713, 1342, 48, 4, 12),
(2713, 1350, 63, 2, 10),
(2713, 1353, 48, 6, 0),
(2713, 1356, 61, 5, 2),
(2713, 1359, 48, 6, 10),
(2714, 1304, 48, 2, 0),
(2714, 1305, 48, 6, 12),
(2714, 1309, 48, 7, 10),
(2714, 1313, 71, 4, 7),
(2714, 1314, 48, 3, 8),
(2714, 1315, 75, 5, 12),
(2714, 1316, 75, 5, 12),
(2714, 1320, 61, 9, 0),
(2714, 1327, 48, 3, 4),
(2714, 1331, 48, 4, 8),
(2714, 1332, 48, 9, 6),
(2714, 1336, 48, 1, 10),
(2714, 1337, 48, 3, 2),
(2714, 1339, 61, 5, 6),
(2714, 1340, 61, 8, 0),
(2714, 1341, 48, 10, 7),
(2714, 1342, 48, 6, 2),
(2714, 1348, 63, 2, 8),
(2714, 1354, 61, 7, 2),
(2714, 1355, 48, 9, 8),
(2714, 1359, 48, 9, 6),
(2715, 1304, 48, 8, 8),
(2715, 1305, 48, 8, 4),
(2715, 1309, 48, 1, 10),
(2715, 1311, 48, 1, 2),
(2715, 1312, 82, 8, 12),
(2715, 1314, 48, 10, 5),
(2715, 1315, 75, 4, 14),
(2715, 1316, 75, 2, 0),
(2715, 1319, 48, 7, 6),
(2715, 1327, 48, 8, 12),
(2715, 1331, 48, 8, 0),
(2715, 1332, 48, 5, 6),
(2715, 1336, 48, 10, 10),
(2715, 1337, 48, 10, 6),
(2715, 1338, 48, 3, 12),
(2715, 1341, 48, 7, 6),
(2715, 1342, 48, 5, 14),
(2715, 1347, 84, 5, 5),
(2715, 1353, 48, 8, 4),
(2715, 1355, 48, 9, 6),
(2715, 1359, 48, 3, 14),
(2716, 1304, 48, 7, 2),
(2716, 1305, 48, 3, 12),
(2716, 1309, 48, 8, 6),
(2716, 1311, 48, 9, 10),
(2716, 1312, 82, 7, 8),
(2716, 1314, 48, 6, 8),
(2716, 1315, 75, 6, 4),
(2716, 1316, 75, 2, 4),
(2716, 1319, 48, 8, 6),
(2716, 1327, 48, 9, 14),
(2716, 1330, 71, 4, 4),
(2716, 1336, 48, 2, 2),
(2716, 1337, 48, 3, 4),
(2716, 1338, 48, 5, 2),
(2716, 1341, 48, 7, 14),
(2716, 1342, 48, 10, 2),
(2716, 1345, 84, 0, 2),
(2716, 1346, 84, 5, 2),
(2716, 1351, 84, 4, 2),
(2716, 1352, 84, 1, 2),
(2716, 1353, 48, 7, 0),
(2716, 1355, 48, 8, 14),
(2716, 1358, 71, 4, 0),
(2717, 1306, 61, 5, 2),
(2717, 1310, 71, 3, 7),
(2717, 1311, 48, 4, 4),
(2717, 1312, 82, 10, 4),
(2717, 1314, 48, 2, 2),
(2717, 1317, 61, 1, 8),
(2717, 1319, 48, 4, 0),
(2717, 1328, 71, 6, 3),
(2717, 1331, 48, 5, 14),
(2717, 1332, 48, 9, 14),
(2717, 1336, 48, 10, 8),
(2717, 1338, 48, 7, 10),
(2717, 1341, 48, 10, 5),
(2717, 1342, 48, 8, 14),
(2717, 1350, 63, 1, 1),
(2717, 1353, 48, 6, 6),
(2717, 1356, 61, 9, 6),
(2717, 1359, 48, 7, 0),
(2718, 1304, 48, 1, 0),
(2718, 1305, 48, 4, 8),
(2718, 1309, 48, 4, 10),
(2718, 1313, 71, 6, 5),
(2718, 1314, 48, 4, 12),
(2718, 1315, 75, 10, 14),
(2718, 1316, 75, 4, 10),
(2718, 1320, 61, 5, 6),
(2718, 1327, 48, 4, 6),
(2718, 1331, 48, 3, 6),
(2718, 1332, 48, 9, 8),
(2718, 1336, 48, 9, 2),
(2718, 1337, 48, 6, 4),
(2718, 1339, 61, 9, 2),
(2718, 1340, 61, 7, 4),
(2718, 1341, 48, 10, 9),
(2718, 1342, 48, 9, 3),
(2718, 1348, 63, 0, 0),
(2718, 1354, 61, 5, 0),
(2718, 1355, 48, 6, 12),
(2718, 1359, 48, 8, 6),
(2719, 1304, 48, 9, 8),
(2719, 1305, 48, 3, 2),
(2719, 1309, 48, 1, 4),
(2719, 1311, 48, 10, 4),
(2719, 1312, 82, 1, 2),
(2719, 1314, 48, 1, 8),
(2719, 1315, 75, 8, 4),
(2719, 1316, 75, 9, 12),
(2719, 1319, 48, 4, 4),
(2719, 1327, 48, 6, 8),
(2719, 1331, 48, 5, 4),
(2719, 1332, 48, 5, 12),
(2719, 1336, 48, 7, 12),
(2719, 1337, 48, 9, 6),
(2719, 1338, 48, 3, 2),
(2719, 1341, 48, 9, 0),
(2719, 1342, 48, 7, 0),
(2719, 1347, 84, 2, 4),
(2719, 1353, 48, 5, 12),
(2719, 1355, 48, 10, 14),
(2719, 1359, 48, 2, 4),
(2720, 1304, 48, 7, 6),
(2720, 1305, 48, 2, 2),
(2720, 1309, 48, 9, 10),
(2720, 1311, 48, 2, 12),
(2720, 1312, 82, 2, 0),
(2720, 1314, 48, 3, 12),
(2720, 1315, 75, 10, 2),
(2720, 1316, 75, 4, 14),
(2720, 1319, 48, 6, 6),
(2720, 1327, 48, 8, 6),
(2720, 1330, 71, 3, 4),
(2720, 1336, 48, 10, 12),
(2720, 1337, 48, 5, 4),
(2720, 1338, 48, 6, 6),
(2720, 1341, 48, 3, 4),
(2720, 1342, 48, 1, 4),
(2720, 1345, 84, 2, 2),
(2720, 1346, 84, 1, 4),
(2720, 1351, 84, 2, 4),
(2720, 1352, 84, 1, 4),
(2720, 1353, 48, 3, 10),
(2720, 1355, 48, 8, 0),
(2720, 1358, 71, 6, 2),
(2721, 1306, 61, 9, 2),
(2721, 1310, 71, 1, 0),
(2721, 1311, 48, 10, 8),
(2721, 1312, 82, 2, 2),
(2721, 1314, 48, 9, 10),
(2721, 1317, 61, 9, 4),
(2721, 1319, 48, 9, 0),
(2721, 1328, 71, 6, 7),
(2721, 1331, 48, 10, 2),
(2721, 1332, 48, 4, 4),
(2721, 1336, 48, 9, 9),
(2721, 1338, 48, 6, 10),
(2721, 1341, 48, 9, 8),
(2721, 1342, 48, 10, 8),
(2721, 1350, 63, 1, 3),
(2721, 1353, 48, 7, 12),
(2721, 1356, 61, 8, 2),
(2721, 1359, 48, 5, 8),
(2722, 1304, 48, 2, 4),
(2722, 1305, 48, 10, 12),
(2722, 1309, 48, 3, 14),
(2722, 1313, 71, 4, 0),
(2722, 1314, 48, 10, 10),
(2722, 1315, 75, 10, 10),
(2722, 1316, 75, 5, 14),
(2722, 1320, 61, 1, 6),
(2722, 1327, 48, 10, 10),
(2722, 1331, 48, 3, 10),
(2722, 1332, 48, 3, 14),
(2722, 1336, 48, 7, 10),
(2722, 1337, 48, 7, 0),
(2722, 1339, 61, 3, 8),
(2722, 1340, 61, 9, 6),
(2722, 1341, 48, 6, 14),
(2722, 1342, 48, 1, 6),
(2722, 1348, 63, 2, 4),
(2722, 1354, 61, 9, 0),
(2722, 1355, 48, 4, 8),
(2722, 1359, 48, 3, 2),
(2723, 1304, 48, 8, 10),
(2723, 1305, 48, 6, 0),
(2723, 1309, 48, 4, 12),
(2723, 1311, 48, 3, 10),
(2723, 1312, 82, 3, 0),
(2723, 1314, 48, 9, 8),
(2723, 1315, 75, 7, 2),
(2723, 1316, 75, 4, 12),
(2723, 1319, 48, 10, 10),
(2723, 1327, 48, 7, 4),
(2723, 1331, 48, 9, 14),
(2723, 1332, 48, 8, 0),
(2723, 1336, 48, 4, 2),
(2723, 1337, 48, 9, 0),
(2723, 1338, 48, 10, 6),
(2723, 1341, 48, 4, 10),
(2723, 1342, 48, 7, 4),
(2723, 1347, 84, 1, 2),
(2723, 1353, 48, 6, 12),
(2723, 1355, 48, 7, 2),
(2723, 1359, 48, 2, 6),
(2724, 1304, 48, 5, 6),
(2724, 1305, 48, 3, 4),
(2724, 1309, 48, 3, 12),
(2724, 1311, 48, 6, 4),
(2724, 1312, 82, 7, 2),
(2724, 1314, 48, 6, 14),
(2724, 1315, 75, 6, 12),
(2724, 1316, 75, 3, 2),
(2724, 1319, 48, 8, 4),
(2724, 1327, 48, 10, 12),
(2724, 1330, 71, 2, 4),
(2724, 1336, 48, 1, 6),
(2724, 1337, 48, 9, 4),
(2724, 1338, 48, 7, 12),
(2724, 1341, 48, 8, 8),
(2724, 1342, 48, 3, 6),
(2724, 1345, 84, 1, 6),
(2724, 1346, 84, 0, 2),
(2724, 1351, 84, 0, 0),
(2724, 1352, 84, 2, 2),
(2724, 1353, 48, 9, 8),
(2724, 1355, 48, 10, 6),
(2724, 1358, 71, 5, 0),
(2725, 1306, 61, 3, 0),
(2725, 1310, 71, 5, 7),
(2725, 1311, 48, 6, 8),
(2725, 1312, 82, 7, 0),
(2725, 1314, 48, 2, 4),
(2725, 1317, 61, 1, 2),
(2725, 1319, 48, 8, 2),
(2725, 1328, 71, 5, 5),
(2725, 1331, 48, 7, 0),
(2725, 1332, 48, 7, 6),
(2725, 1336, 48, 3, 14),
(2725, 1338, 48, 3, 6),
(2725, 1341, 48, 10, 13),
(2725, 1342, 48, 10, 1),
(2725, 1350, 63, 1, 2),
(2725, 1353, 48, 5, 2),
(2725, 1356, 61, 7, 8),
(2725, 1359, 48, 10, 6),
(2726, 1304, 48, 1, 2),
(2726, 1305, 48, 6, 14),
(2726, 1309, 48, 4, 4),
(2726, 1313, 71, 5, 5),
(2726, 1314, 48, 7, 0),
(2726, 1315, 75, 5, 4),
(2726, 1316, 75, 4, 0),
(2726, 1320, 61, 1, 8),
(2726, 1327, 48, 9, 10),
(2726, 1331, 48, 3, 2),
(2726, 1332, 48, 10, 10),
(2726, 1336, 48, 2, 4),
(2726, 1337, 48, 7, 4),
(2726, 1339, 61, 9, 4),
(2726, 1340, 61, 7, 6),
(2726, 1341, 48, 10, 6),
(2726, 1342, 48, 8, 2),
(2726, 1348, 63, 2, 6),
(2726, 1354, 61, 3, 4),
(2726, 1355, 48, 8, 10),
(2726, 1359, 48, 7, 2),
(2727, 1304, 48, 3, 6),
(2727, 1305, 48, 8, 8),
(2727, 1309, 48, 2, 0),
(2727, 1311, 48, 5, 6),
(2727, 1312, 82, 9, 2),
(2727, 1314, 48, 10, 6),
(2727, 1315, 75, 3, 6),
(2727, 1316, 75, 5, 4),
(2727, 1319, 48, 2, 6),
(2727, 1327, 48, 4, 0),
(2727, 1331, 48, 9, 12),
(2727, 1332, 48, 10, 2),
(2727, 1336, 48, 7, 14),
(2727, 1337, 48, 9, 14),
(2727, 1338, 48, 2, 2),
(2727, 1341, 48, 5, 4),
(2727, 1342, 48, 10, 4),
(2727, 1347, 84, 2, 2),
(2727, 1353, 48, 8, 2),
(2727, 1355, 48, 4, 6),
(2727, 1359, 48, 10, 10),
(2728, 1304, 48, 6, 10),
(2728, 1305, 48, 7, 14),
(2728, 1309, 48, 3, 8),
(2728, 1311, 48, 10, 10),
(2728, 1312, 82, 8, 14),
(2728, 1314, 48, 1, 4),
(2728, 1315, 75, 10, 8),
(2728, 1316, 75, 9, 14),
(2728, 1319, 48, 8, 12),
(2728, 1327, 48, 9, 8),
(2728, 1330, 71, 4, 6),
(2728, 1336, 48, 1, 4),
(2728, 1337, 48, 8, 12),
(2728, 1338, 48, 6, 0),
(2728, 1341, 48, 2, 10),
(2728, 1342, 48, 5, 4),
(2728, 1345, 84, 5, 0),
(2728, 1346, 84, 0, 6),
(2728, 1351, 84, 5, 2),
(2728, 1352, 84, 5, 2),
(2728, 1353, 48, 7, 6),
(2728, 1355, 48, 7, 12),
(2728, 1358, 71, 3, 4),
(2729, 1306, 61, 9, 0),
(2729, 1310, 71, 6, 0),
(2729, 1311, 48, 5, 2),
(2729, 1312, 82, 8, 4),
(2729, 1314, 48, 3, 4),
(2729, 1317, 61, 7, 4),
(2729, 1319, 48, 7, 10),
(2729, 1328, 71, 4, 0),
(2729, 1331, 48, 4, 2),
(2729, 1332, 48, 10, 12),
(2729, 1336, 48, 6, 2),
(2729, 1338, 48, 5, 4),
(2729, 1341, 48, 10, 10),
(2729, 1342, 48, 2, 12),
(2729, 1350, 63, 2, 6),
(2729, 1353, 48, 7, 8),
(2729, 1356, 61, 7, 4),
(2729, 1359, 48, 3, 12),
(2730, 1304, 48, 6, 12),
(2730, 1305, 48, 5, 10),
(2730, 1309, 48, 9, 14),
(2730, 1313, 71, 3, 7),
(2730, 1314, 48, 3, 10),
(2730, 1315, 75, 7, 10),
(2730, 1316, 75, 6, 14),
(2730, 1320, 61, 5, 4),
(2730, 1327, 48, 6, 0),
(2730, 1331, 48, 9, 6),
(2730, 1332, 48, 5, 2),
(2730, 1336, 48, 9, 0),
(2730, 1337, 48, 3, 12),
(2730, 1339, 61, 5, 4),
(2730, 1340, 61, 7, 2),
(2730, 1341, 48, 8, 10),
(2730, 1342, 48, 3, 10),
(2730, 1348, 63, 1, 8),
(2730, 1354, 61, 9, 6),
(2730, 1355, 48, 4, 2),
(2730, 1359, 48, 8, 12),
(2731, 1304, 48, 6, 6),
(2731, 1305, 48, 8, 6),
(2731, 1309, 48, 2, 4),
(2731, 1311, 48, 7, 2),
(2731, 1312, 82, 4, 4),
(2731, 1314, 48, 9, 9),
(2731, 1315, 75, 7, 0),
(2731, 1316, 75, 5, 8),
(2731, 1319, 48, 9, 6),
(2731, 1327, 48, 4, 14),
(2731, 1331, 48, 5, 8),
(2731, 1332, 48, 7, 4),
(2731, 1336, 48, 9, 1),
(2731, 1337, 48, 7, 10),
(2731, 1338, 48, 4, 12),
(2731, 1341, 48, 3, 0),
(2731, 1342, 48, 10, 14),
(2731, 1347, 84, 2, 0),
(2731, 1353, 48, 3, 14),
(2731, 1355, 48, 7, 8),
(2731, 1359, 48, 7, 10),
(2732, 1304, 48, 9, 10),
(2732, 1305, 48, 5, 0),
(2732, 1309, 48, 10, 10),
(2732, 1311, 48, 4, 2),
(2732, 1312, 82, 10, 2),
(2732, 1314, 48, 8, 0),
(2732, 1315, 75, 8, 6),
(2732, 1316, 75, 3, 6),
(2732, 1319, 48, 6, 10),
(2732, 1327, 48, 1, 6),
(2732, 1330, 71, 1, 4),
(2732, 1336, 48, 9, 8),
(2732, 1337, 48, 5, 0),
(2732, 1338, 48, 7, 14),
(2732, 1341, 48, 5, 0),
(2732, 1342, 48, 9, 2),
(2732, 1345, 84, 4, 6),
(2732, 1346, 84, 5, 4),
(2732, 1351, 84, 0, 2),
(2732, 1352, 84, 4, 4),
(2732, 1353, 48, 4, 14),
(2732, 1355, 48, 5, 2),
(2732, 1358, 71, 5, 4),
(2733, 1306, 61, 3, 2),
(2733, 1310, 71, 3, 3),
(2733, 1311, 48, 3, 14),
(2733, 1312, 82, 3, 6),
(2733, 1314, 48, 5, 6),
(2733, 1317, 61, 7, 6),
(2733, 1319, 48, 7, 12),
(2733, 1328, 71, 1, 5),
(2733, 1331, 48, 9, 4),
(2733, 1332, 48, 8, 10),
(2733, 1336, 48, 3, 8),
(2733, 1338, 48, 8, 8),
(2733, 1341, 48, 2, 12),
(2733, 1342, 48, 10, 6),
(2733, 1350, 63, 0, 1),
(2733, 1353, 48, 4, 10),
(2733, 1356, 61, 4, 4),
(2733, 1359, 48, 10, 8),
(2734, 1304, 48, 2, 2),
(2734, 1305, 48, 10, 0),
(2734, 1309, 48, 10, 14),
(2734, 1313, 71, 1, 3),
(2734, 1314, 48, 10, 12),
(2734, 1315, 75, 1, 3),
(2734, 1316, 75, 1, 8),
(2734, 1320, 61, 2, 0),
(2734, 1327, 48, 5, 12),
(2734, 1331, 48, 1, 10),
(2734, 1332, 48, 1, 2),
(2734, 1336, 48, 2, 10),
(2734, 1337, 48, 2, 4),
(2734, 1339, 61, 1, 0),
(2734, 1340, 61, 2, 0),
(2734, 1341, 48, 10, 0),
(2734, 1342, 48, 8, 8),
(2734, 1348, 63, 0, 6),
(2734, 1354, 61, 4, 0),
(2734, 1355, 48, 1, 13),
(2734, 1359, 48, 10, 14),
(2735, 1304, 48, 4, 12),
(2735, 1305, 48, 3, 14),
(2735, 1309, 48, 10, 4),
(2735, 1311, 48, 7, 10),
(2735, 1312, 82, 4, 8),
(2735, 1314, 48, 10, 4),
(2735, 1315, 75, 4, 4),
(2735, 1316, 75, 9, 0),
(2735, 1319, 48, 9, 8),
(2735, 1327, 48, 2, 2),
(2735, 1331, 48, 5, 0),
(2735, 1332, 48, 6, 8),
(2735, 1336, 48, 10, 6),
(2735, 1337, 48, 6, 14),
(2735, 1338, 48, 6, 14),
(2735, 1341, 48, 8, 6),
(2735, 1342, 48, 5, 2),
(2735, 1347, 84, 4, 2),
(2735, 1353, 48, 4, 8),
(2735, 1355, 48, 5, 4),
(2735, 1359, 48, 4, 14),
(2736, 1304, 48, 2, 8),
(2736, 1305, 48, 8, 0),
(2736, 1309, 48, 2, 14),
(2736, 1311, 48, 8, 14),
(2736, 1312, 82, 10, 12),
(2736, 1314, 48, 2, 14),
(2736, 1315, 75, 5, 2),
(2736, 1316, 75, 5, 6),
(2736, 1319, 48, 5, 6),
(2736, 1327, 48, 1, 8),
(2736, 1330, 71, 4, 0),
(2736, 1336, 48, 10, 5),
(2736, 1337, 48, 9, 2),
(2736, 1338, 48, 5, 14),
(2736, 1341, 48, 4, 4),
(2736, 1342, 48, 1, 2),
(2736, 1345, 84, 4, 4),
(2736, 1346, 84, 1, 2),
(2736, 1351, 84, 4, 4),
(2736, 1352, 84, 2, 6),
(2736, 1353, 48, 3, 2),
(2736, 1355, 48, 5, 12),
(2736, 1358, 71, 2, 0),
(2738, 1304, 48, 10, 14),
(2738, 1305, 48, 6, 8),
(2738, 1309, 48, 1, 0),
(2738, 1313, 71, 2, 7),
(2738, 1314, 48, 9, 2),
(2738, 1315, 75, 8, 1),
(2738, 1316, 75, 7, 4),
(2738, 1320, 61, 7, 8),
(2738, 1327, 48, 10, 6),
(2738, 1331, 48, 4, 0),
(2738, 1332, 48, 7, 10),
(2738, 1336, 48, 5, 10),
(2738, 1337, 48, 4, 4),
(2738, 1339, 61, 3, 2),
(2738, 1340, 61, 9, 8),
(2738, 1341, 48, 4, 14),
(2738, 1342, 48, 7, 10),
(2738, 1348, 63, 1, 4),
(2738, 1354, 61, 3, 6),
(2738, 1355, 48, 3, 4),
(2738, 1359, 48, 5, 12),
(2739, 1304, 48, 6, 4),
(2739, 1305, 48, 2, 10),
(2739, 1309, 48, 7, 4),
(2739, 1311, 48, 5, 4),
(2739, 1312, 82, 6, 8),
(2739, 1314, 48, 10, 0),
(2739, 1315, 75, 10, 6),
(2739, 1316, 75, 6, 0),
(2739, 1319, 48, 2, 14),
(2739, 1327, 48, 6, 14),
(2739, 1331, 48, 5, 12),
(2739, 1332, 48, 3, 2),
(2739, 1336, 48, 6, 4),
(2739, 1337, 48, 5, 10),
(2739, 1338, 48, 9, 0),
(2739, 1341, 48, 4, 0),
(2739, 1342, 48, 6, 14),
(2739, 1347, 84, 0, 2),
(2739, 1353, 48, 9, 14),
(2739, 1355, 48, 6, 4),
(2739, 1359, 48, 8, 14),
(2740, 1304, 48, 5, 8),
(2740, 1305, 48, 4, 4),
(2740, 1309, 48, 10, 12),
(2740, 1311, 48, 3, 2),
(2740, 1312, 82, 6, 6),
(2740, 1314, 48, 2, 6),
(2740, 1315, 75, 3, 14),
(2740, 1316, 75, 3, 14),
(2740, 1319, 48, 10, 12),
(2740, 1327, 48, 7, 0),
(2740, 1330, 71, 6, 6),
(2740, 1336, 48, 2, 8),
(2740, 1337, 48, 9, 8),
(2740, 1338, 48, 4, 0),
(2740, 1341, 48, 2, 6),
(2740, 1342, 48, 4, 4),
(2740, 1345, 84, 5, 5),
(2740, 1346, 84, 1, 6),
(2740, 1351, 84, 0, 4),
(2740, 1352, 84, 0, 4),
(2740, 1353, 48, 5, 0),
(2740, 1355, 48, 4, 10),
(2740, 1358, 71, 4, 4),
(2741, 1306, 61, 5, 0),
(2741, 1310, 71, 5, 0),
(2741, 1311, 48, 8, 10),
(2741, 1312, 82, 7, 6),
(2741, 1314, 48, 10, 8),
(2741, 1317, 61, 3, 8),
(2741, 1319, 48, 5, 8),
(2741, 1328, 71, 3, 7),
(2741, 1331, 48, 8, 8),
(2741, 1332, 48, 5, 10),
(2741, 1336, 48, 7, 8),
(2741, 1338, 48, 6, 12),
(2741, 1341, 48, 3, 14),
(2741, 1342, 48, 10, 5),
(2741, 1350, 63, 1, 0),
(2741, 1353, 48, 10, 6),
(2741, 1356, 61, 9, 2),
(2741, 1359, 48, 9, 14),
(2742, 1304, 48, 6, 0),
(2742, 1305, 48, 6, 10),
(2742, 1309, 48, 7, 0),
(2742, 1313, 71, 6, 0),
(2742, 1314, 48, 5, 14),
(2742, 1315, 75, 9, 3),
(2742, 1316, 75, 10, 2),
(2742, 1320, 61, 9, 8),
(2742, 1327, 48, 3, 8),
(2742, 1331, 48, 7, 10),
(2742, 1332, 48, 2, 0),
(2742, 1336, 48, 9, 11),
(2742, 1337, 48, 6, 12),
(2742, 1339, 61, 9, 8),
(2742, 1340, 61, 3, 4),
(2742, 1341, 48, 6, 0),
(2742, 1342, 48, 9, 6),
(2742, 1348, 63, 0, 8),
(2742, 1354, 61, 7, 6),
(2742, 1355, 48, 4, 0),
(2742, 1359, 48, 9, 2),
(2743, 1304, 48, 8, 14),
(2743, 1305, 48, 9, 6),
(2743, 1309, 48, 6, 6),
(2743, 1311, 48, 7, 12),
(2743, 1312, 82, 6, 14),
(2743, 1314, 48, 9, 13),
(2743, 1315, 75, 3, 4),
(2743, 1316, 75, 10, 0),
(2743, 1319, 48, 7, 14),
(2743, 1327, 48, 1, 10),
(2743, 1331, 48, 3, 4),
(2743, 1332, 48, 7, 12),
(2743, 1336, 48, 10, 2),
(2743, 1337, 48, 8, 4),
(2743, 1338, 48, 10, 4),
(2743, 1341, 48, 6, 4),
(2743, 1342, 48, 2, 2),
(2743, 1347, 84, 2, 6),
(2743, 1353, 48, 6, 4),
(2743, 1355, 48, 5, 14),
(2743, 1359, 48, 9, 12),
(2744, 1304, 48, 7, 12),
(2744, 1305, 48, 1, 14),
(2744, 1309, 48, 1, 12),
(2744, 1311, 48, 2, 6),
(2744, 1312, 82, 2, 8),
(2744, 1314, 48, 7, 10),
(2744, 1315, 75, 1, 0),
(2744, 1316, 75, 10, 14),
(2744, 1319, 48, 1, 14),
(2744, 1327, 48, 1, 12),
(2744, 1330, 71, 1, 2),
(2744, 1336, 48, 10, 1),
(2744, 1337, 48, 1, 14),
(2744, 1338, 48, 1, 14),
(2744, 1341, 48, 1, 14),
(2744, 1342, 48, 1, 14),
(2744, 1345, 84, 0, 6),
(2744, 1346, 84, 2, 6),
(2744, 1351, 84, 5, 5),
(2744, 1352, 84, 0, 6),
(2744, 1353, 48, 1, 14),
(2744, 1355, 48, 1, 2),
(2744, 1358, 71, 3, 6),
(2745, 1306, 61, 9, 8),
(2745, 1310, 71, 4, 3),
(2745, 1311, 48, 5, 14),
(2745, 1312, 82, 7, 10),
(2745, 1314, 48, 8, 3),
(2745, 1317, 61, 3, 2),
(2745, 1319, 48, 6, 4),
(2745, 1328, 71, 3, 3),
(2745, 1331, 48, 6, 12),
(2745, 1332, 48, 9, 0),
(2745, 1336, 48, 8, 1),
(2745, 1338, 48, 8, 2),
(2745, 1341, 48, 5, 10),
(2745, 1342, 48, 4, 14),
(2745, 1350, 63, 0, 0),
(2745, 1353, 48, 9, 4),
(2745, 1356, 61, 6, 2),
(2745, 1359, 48, 4, 10),
(2746, 1304, 48, 3, 4),
(2746, 1305, 48, 7, 8),
(2746, 1309, 48, 9, 12),
(2746, 1313, 71, 3, 5),
(2746, 1314, 48, 3, 2),
(2746, 1315, 75, 10, 1),
(2746, 1316, 75, 6, 8),
(2746, 1320, 61, 3, 6),
(2746, 1327, 48, 4, 2),
(2746, 1331, 48, 7, 8),
(2746, 1332, 48, 10, 6),
(2746, 1336, 48, 5, 14),
(2746, 1337, 48, 5, 14),
(2746, 1339, 61, 9, 6),
(2746, 1340, 61, 7, 0),
(2746, 1341, 48, 10, 1),
(2746, 1342, 48, 10, 13),
(2746, 1348, 63, 0, 10),
(2746, 1354, 61, 3, 2),
(2746, 1355, 48, 10, 4),
(2746, 1359, 48, 8, 0),
(2748, 1304, 48, 5, 14),
(2748, 1305, 48, 4, 2),
(2748, 1309, 48, 5, 6),
(2748, 1311, 48, 8, 0),
(2748, 1312, 82, 5, 2),
(2748, 1314, 48, 2, 8),
(2748, 1315, 75, 4, 2),
(2748, 1316, 75, 4, 8),
(2748, 1319, 48, 5, 0),
(2748, 1327, 48, 3, 0),
(2748, 1330, 71, 3, 2),
(2748, 1336, 48, 1, 2),
(2748, 1337, 48, 9, 10),
(2748, 1338, 48, 8, 14),
(2748, 1341, 48, 3, 2),
(2748, 1342, 48, 8, 12),
(2748, 1345, 84, 1, 2),
(2748, 1346, 84, 2, 2),
(2748, 1351, 84, 2, 6),
(2748, 1352, 84, 0, 2),
(2748, 1353, 48, 7, 14),
(2748, 1355, 48, 3, 0),
(2748, 1358, 71, 4, 2),
(2749, 1306, 61, 1, 2),
(2749, 1310, 71, 4, 0),
(2749, 1311, 48, 4, 0),
(2749, 1312, 82, 7, 14),
(2749, 1314, 48, 10, 1),
(2749, 1317, 61, 5, 2),
(2749, 1319, 48, 10, 6),
(2749, 1328, 71, 6, 0),
(2749, 1331, 48, 4, 4),
(2749, 1332, 48, 8, 12),
(2749, 1336, 48, 5, 4),
(2749, 1338, 48, 9, 2),
(2749, 1341, 48, 1, 2),
(2749, 1342, 48, 4, 0),
(2749, 1350, 63, 1, 4),
(2749, 1353, 48, 3, 4),
(2749, 1356, 61, 7, 2),
(2749, 1359, 48, 2, 14),
(2750, 1304, 48, 9, 0),
(2750, 1305, 48, 7, 12),
(2750, 1309, 48, 4, 0),
(2750, 1313, 71, 2, 0),
(2750, 1314, 48, 2, 10),
(2750, 1315, 75, 9, 6),
(2750, 1316, 75, 3, 10),
(2750, 1320, 61, 7, 2),
(2750, 1327, 48, 4, 4),
(2750, 1331, 48, 4, 10),
(2750, 1332, 48, 3, 12),
(2750, 1336, 48, 7, 0),
(2750, 1337, 48, 4, 0),
(2750, 1339, 61, 3, 4),
(2750, 1340, 61, 3, 8),
(2750, 1341, 48, 1, 4),
(2750, 1342, 48, 6, 10),
(2750, 1348, 63, 0, 1),
(2750, 1354, 61, 9, 2),
(2750, 1355, 48, 3, 2),
(2750, 1359, 48, 8, 10),
(2751, 1304, 48, 3, 2),
(2751, 1305, 48, 9, 12),
(2751, 1309, 48, 5, 10),
(2751, 1311, 48, 9, 14),
(2751, 1312, 82, 8, 0),
(2751, 1314, 48, 8, 7),
(2751, 1315, 75, 9, 12),
(2751, 1316, 75, 8, 12),
(2751, 1319, 48, 10, 4),
(2751, 1327, 48, 2, 12),
(2751, 1331, 48, 3, 12),
(2751, 1332, 48, 7, 8),
(2751, 1336, 48, 3, 2),
(2751, 1337, 48, 5, 6),
(2751, 1338, 48, 4, 4),
(2751, 1341, 48, 9, 4),
(2751, 1342, 48, 10, 9),
(2751, 1347, 84, 5, 4),
(2751, 1353, 48, 10, 8),
(2751, 1355, 48, 8, 8),
(2751, 1359, 48, 4, 8),
(2752, 1304, 48, 4, 2),
(2752, 1305, 48, 10, 2),
(2752, 1309, 48, 5, 4),
(2752, 1311, 48, 5, 10),
(2752, 1312, 82, 10, 6),
(2752, 1314, 48, 1, 0),
(2752, 1315, 75, 8, 8),
(2752, 1316, 75, 8, 2),
(2752, 1319, 48, 4, 12),
(2752, 1327, 48, 4, 12),
(2752, 1330, 71, 3, 6),
(2752, 1336, 48, 5, 12),
(2752, 1337, 48, 8, 2),
(2752, 1338, 48, 3, 14),
(2752, 1341, 48, 8, 4),
(2752, 1342, 48, 1, 10),
(2752, 1345, 84, 4, 0),
(2752, 1346, 84, 0, 0),
(2752, 1351, 84, 1, 4),
(2752, 1352, 84, 4, 6),
(2752, 1353, 48, 2, 4),
(2752, 1355, 48, 4, 4),
(2752, 1358, 71, 2, 6),
(2753, 1306, 61, 1, 8),
(2753, 1310, 71, 0, 5),
(2753, 1311, 48, 3, 0),
(2753, 1312, 82, 3, 12),
(2753, 1314, 48, 6, 4),
(2753, 1317, 61, 9, 6),
(2753, 1319, 48, 7, 2),
(2753, 1328, 71, 2, 3),
(2753, 1331, 48, 10, 8),
(2753, 1332, 48, 4, 6),
(2753, 1336, 48, 5, 8),
(2753, 1338, 48, 5, 6),
(2753, 1341, 48, 1, 0),
(2753, 1342, 48, 9, 12),
(2753, 1350, 63, 2, 8),
(2753, 1353, 48, 6, 14),
(2753, 1356, 61, 5, 6),
(2753, 1359, 48, 7, 12),
(2754, 1304, 48, 9, 6),
(2754, 1305, 48, 9, 0),
(2754, 1309, 48, 3, 10),
(2754, 1313, 71, 5, 3),
(2754, 1314, 48, 6, 12),
(2754, 1315, 75, 9, 4),
(2754, 1316, 75, 3, 4),
(2754, 1320, 61, 1, 4),
(2754, 1327, 48, 6, 6),
(2754, 1331, 48, 8, 10),
(2754, 1332, 48, 5, 0),
(2754, 1336, 48, 2, 14),
(2754, 1337, 48, 6, 8),
(2754, 1339, 61, 1, 2),
(2754, 1340, 61, 1, 8),
(2754, 1341, 48, 10, 3),
(2754, 1342, 48, 2, 0),
(2754, 1348, 63, 2, 7),
(2754, 1354, 61, 2, 0),
(2754, 1355, 48, 9, 10),
(2754, 1359, 48, 10, 0),
(2755, 1304, 48, 6, 14),
(2755, 1305, 48, 7, 2),
(2755, 1309, 48, 3, 0),
(2755, 1311, 48, 2, 14),
(2755, 1312, 82, 9, 12),
(2755, 1314, 48, 3, 0),
(2755, 1315, 75, 4, 6),
(2755, 1316, 75, 9, 8),
(2755, 1319, 48, 3, 14),
(2755, 1327, 48, 2, 8),
(2755, 1331, 48, 9, 2),
(2755, 1332, 48, 2, 10),
(2755, 1336, 48, 4, 8),
(2755, 1337, 48, 8, 6),
(2755, 1338, 48, 4, 10),
(2755, 1341, 48, 7, 10),
(2755, 1342, 48, 9, 4),
(2755, 1347, 84, 1, 0),
(2755, 1353, 48, 8, 12),
(2755, 1355, 48, 8, 2),
(2755, 1359, 48, 4, 12),
(2757, 1306, 61, 3, 8),
(2757, 1310, 71, 6, 3),
(2757, 1311, 48, 7, 4),
(2757, 1312, 82, 3, 8),
(2757, 1314, 48, 5, 8),
(2757, 1317, 61, 1, 6),
(2757, 1319, 48, 5, 4),
(2757, 1328, 71, 5, 7),
(2757, 1331, 48, 6, 10),
(2757, 1332, 48, 4, 0),
(2757, 1336, 48, 8, 5),
(2757, 1338, 48, 2, 4),
(2757, 1341, 48, 1, 6),
(2757, 1342, 48, 9, 10),
(2757, 1350, 63, 2, 0),
(2757, 1353, 48, 7, 2),
(2757, 1356, 61, 6, 4),
(2757, 1359, 48, 7, 6),
(2758, 1304, 48, 3, 14),
(2758, 1305, 48, 7, 6),
(2758, 1309, 48, 5, 14),
(2758, 1313, 71, 5, 0),
(2758, 1314, 48, 4, 10),
(2758, 1315, 75, 7, 8),
(2758, 1316, 75, 10, 6),
(2758, 1320, 61, 9, 2),
(2758, 1327, 48, 8, 2),
(2758, 1331, 48, 5, 10),
(2758, 1332, 48, 4, 10),
(2758, 1336, 48, 3, 6),
(2758, 1337, 48, 3, 6),
(2758, 1339, 61, 7, 6),
(2758, 1340, 61, 5, 2),
(2758, 1341, 48, 6, 8),
(2758, 1342, 48, 5, 12),
(2758, 1348, 63, 1, 0),
(2758, 1354, 61, 7, 0),
(2758, 1355, 48, 7, 6),
(2758, 1359, 48, 4, 0),
(2759, 1304, 48, 8, 4),
(2759, 1305, 48, 10, 6),
(2759, 1309, 48, 4, 14),
(2759, 1311, 48, 8, 8),
(2759, 1312, 82, 5, 12),
(2759, 1314, 48, 9, 11),
(2759, 1315, 75, 5, 14),
(2759, 1316, 75, 2, 8),
(2759, 1319, 48, 9, 4),
(2759, 1327, 48, 1, 2),
(2759, 1331, 48, 2, 14),
(2759, 1332, 48, 8, 8),
(2759, 1336, 48, 7, 4),
(2759, 1337, 48, 8, 8),
(2759, 1338, 48, 4, 6),
(2759, 1341, 48, 8, 0),
(2759, 1342, 48, 6, 0),
(2759, 1347, 84, 4, 4),
(2759, 1353, 48, 4, 12),
(2759, 1355, 48, 5, 10),
(2759, 1359, 48, 10, 4),
(2760, 1304, 48, 5, 12),
(2760, 1305, 48, 4, 6),
(2760, 1309, 48, 2, 10),
(2760, 1311, 48, 9, 6),
(2760, 1312, 82, 5, 14),
(2760, 1314, 48, 9, 1),
(2760, 1315, 75, 3, 8),
(2760, 1316, 75, 7, 10),
(2760, 1319, 48, 4, 8),
(2760, 1327, 48, 10, 14),
(2760, 1330, 71, 5, 0),
(2760, 1336, 48, 6, 0),
(2760, 1337, 48, 3, 8),
(2760, 1338, 48, 7, 4),
(2760, 1341, 48, 9, 1),
(2760, 1342, 48, 10, 10),
(2760, 1345, 84, 4, 2),
(2760, 1346, 84, 4, 2),
(2760, 1351, 84, 1, 2),
(2760, 1352, 84, 5, 6),
(2760, 1353, 48, 8, 14),
(2760, 1355, 48, 9, 12),
(2760, 1358, 71, 2, 2),
(2761, 1306, 61, 7, 0),
(2761, 1310, 71, 6, 5),
(2761, 1311, 48, 4, 12),
(2761, 1312, 82, 3, 4),
(2761, 1314, 48, 7, 4),
(2761, 1317, 61, 3, 4),
(2761, 1319, 48, 4, 2),
(2761, 1328, 71, 5, 0),
(2761, 1331, 48, 7, 4),
(2761, 1332, 48, 5, 8),
(2761, 1336, 48, 9, 6),
(2761, 1338, 48, 5, 10),
(2761, 1341, 48, 7, 12),
(2761, 1342, 48, 5, 6),
(2761, 1350, 63, 0, 2),
(2761, 1353, 48, 8, 8),
(2761, 1356, 61, 9, 8),
(2761, 1359, 48, 2, 2),
(2762, 1304, 48, 4, 8),
(2762, 1305, 48, 5, 14),
(2762, 1309, 48, 9, 6),
(2762, 1313, 71, 5, 7),
(2762, 1314, 48, 8, 1),
(2762, 1315, 75, 6, 10),
(2762, 1316, 75, 7, 12),
(2762, 1320, 61, 7, 6),
(2762, 1327, 48, 10, 8),
(2762, 1331, 48, 8, 12),
(2762, 1332, 48, 4, 14),
(2762, 1336, 48, 8, 3),
(2762, 1337, 48, 3, 10),
(2762, 1339, 61, 7, 2),
(2762, 1340, 61, 7, 8),
(2762, 1341, 48, 10, 4),
(2762, 1342, 48, 6, 12),
(2762, 1348, 63, 2, 1),
(2762, 1354, 61, 3, 8),
(2762, 1355, 48, 7, 0),
(2762, 1359, 48, 3, 10),
(2763, 1304, 48, 10, 10),
(2763, 1305, 48, 5, 2),
(2763, 1309, 48, 8, 4),
(2763, 1311, 48, 3, 6),
(2763, 1312, 82, 4, 10),
(2763, 1314, 48, 9, 12),
(2763, 1315, 75, 6, 14),
(2763, 1316, 75, 10, 4),
(2763, 1319, 48, 2, 12),
(2763, 1327, 48, 3, 10),
(2763, 1331, 48, 10, 10),
(2763, 1332, 48, 5, 4),
(2763, 1336, 48, 9, 5),
(2763, 1337, 48, 7, 6),
(2763, 1338, 48, 8, 4),
(2763, 1341, 48, 7, 8),
(2763, 1342, 48, 7, 6),
(2763, 1347, 84, 1, 4),
(2763, 1353, 48, 5, 4),
(2763, 1355, 48, 9, 0),
(2763, 1359, 48, 7, 4),
(2764, 1304, 48, 7, 14),
(2764, 1305, 48, 8, 2),
(2764, 1309, 48, 7, 6),
(2764, 1311, 48, 7, 0),
(2764, 1312, 82, 9, 8),
(2764, 1314, 48, 7, 2),
(2764, 1315, 75, 7, 12),
(2764, 1316, 75, 7, 0),
(2764, 1319, 48, 5, 10),
(2764, 1327, 48, 1, 4),
(2764, 1330, 71, 5, 6),
(2764, 1336, 48, 8, 12),
(2764, 1337, 48, 4, 6),
(2764, 1338, 48, 3, 8),
(2764, 1341, 48, 3, 12),
(2764, 1342, 48, 2, 8),
(2764, 1345, 84, 5, 1),
(2764, 1346, 84, 5, 0),
(2764, 1351, 84, 5, 0),
(2764, 1352, 84, 1, 6),
(2764, 1353, 48, 6, 2),
(2764, 1355, 48, 4, 12),
(2764, 1358, 71, 6, 4),
(2765, 1306, 61, 7, 8),
(2765, 1310, 71, 3, 5),
(2765, 1311, 48, 6, 10),
(2765, 1312, 82, 5, 0),
(2765, 1314, 48, 5, 10),
(2765, 1317, 61, 7, 2),
(2765, 1319, 48, 4, 10),
(2765, 1328, 71, 0, 7),
(2765, 1331, 48, 8, 2),
(2765, 1332, 48, 3, 6),
(2765, 1336, 48, 1, 0),
(2765, 1338, 48, 9, 4),
(2765, 1341, 48, 1, 12),
(2765, 1342, 48, 2, 10),
(2765, 1350, 63, 1, 10),
(2765, 1353, 48, 6, 10),
(2765, 1356, 61, 4, 2),
(2765, 1359, 48, 4, 6),
(2767, 1304, 48, 3, 8),
(2767, 1305, 48, 7, 10),
(2767, 1309, 48, 9, 8),
(2767, 1311, 48, 5, 8),
(2767, 1312, 82, 3, 10),
(2767, 1314, 48, 4, 14),
(2767, 1315, 75, 5, 10),
(2767, 1316, 75, 10, 8),
(2767, 1319, 48, 8, 14),
(2767, 1327, 48, 7, 6),
(2767, 1331, 48, 10, 4),
(2767, 1332, 48, 7, 0),
(2767, 1336, 48, 3, 4),
(2767, 1337, 48, 3, 14),
(2767, 1338, 48, 10, 12),
(2767, 1341, 48, 9, 14),
(2767, 1342, 48, 3, 14),
(2767, 1347, 84, 4, 6),
(2767, 1353, 48, 10, 10),
(2767, 1355, 48, 4, 14),
(2767, 1359, 48, 3, 6),
(2768, 1304, 48, 7, 8),
(2768, 1305, 48, 8, 14),
(2768, 1309, 48, 3, 6),
(2768, 1311, 48, 9, 2),
(2768, 1312, 82, 9, 0),
(2768, 1314, 48, 8, 12),
(2768, 1315, 75, 8, 3),
(2768, 1316, 75, 6, 12),
(2768, 1319, 48, 6, 2),
(2768, 1327, 48, 9, 4),
(2768, 1330, 71, 2, 6),
(2768, 1336, 48, 2, 6),
(2768, 1337, 48, 6, 2),
(2768, 1338, 48, 7, 8),
(2768, 1341, 48, 2, 14),
(2768, 1342, 48, 8, 0),
(2768, 1345, 84, 0, 0),
(2768, 1346, 84, 5, 6),
(2768, 1351, 84, 0, 6),
(2768, 1352, 84, 0, 0),
(2768, 1353, 48, 9, 10),
(2768, 1355, 48, 9, 14),
(2768, 1358, 71, 5, 2),
(2769, 1306, 61, 3, 6),
(2769, 1310, 71, 0, 7),
(2769, 1311, 48, 7, 8),
(2769, 1312, 82, 3, 2),
(2769, 1314, 48, 4, 6),
(2769, 1317, 61, 1, 4),
(2769, 1319, 48, 10, 8),
(2769, 1328, 71, 3, 5),
(2769, 1331, 48, 8, 4),
(2769, 1332, 48, 2, 6),
(2769, 1336, 48, 2, 0),
(2769, 1338, 48, 3, 4),
(2769, 1341, 48, 9, 12),
(2769, 1342, 48, 10, 3),
(2769, 1350, 63, 2, 1),
(2769, 1353, 48, 9, 2),
(2769, 1356, 61, 9, 4),
(2769, 1359, 48, 6, 4),
(2770, 1304, 48, 10, 2),
(2770, 1305, 48, 4, 12),
(2770, 1309, 48, 10, 6),
(2770, 1313, 71, 3, 3),
(2770, 1314, 48, 1, 12),
(2770, 1315, 75, 10, 12),
(2770, 1316, 75, 9, 6),
(2770, 1320, 61, 9, 6),
(2770, 1327, 48, 9, 0),
(2770, 1331, 48, 7, 14),
(2770, 1332, 48, 1, 0),
(2770, 1336, 48, 6, 8),
(2770, 1337, 48, 2, 6),
(2770, 1339, 61, 7, 8),
(2770, 1340, 61, 3, 2),
(2770, 1341, 48, 5, 2),
(2770, 1342, 48, 4, 2),
(2770, 1348, 63, 1, 6),
(2770, 1354, 61, 9, 8),
(2770, 1355, 48, 8, 6),
(2770, 1359, 48, 6, 8),
(2771, 1304, 48, 10, 0),
(2771, 1305, 48, 5, 6),
(2771, 1309, 48, 5, 2),
(2771, 1311, 48, 8, 4),
(2771, 1312, 82, 4, 6),
(2771, 1314, 48, 5, 0),
(2771, 1315, 75, 4, 12),
(2771, 1316, 75, 3, 0),
(2771, 1319, 48, 9, 14),
(2771, 1327, 48, 7, 14),
(2771, 1331, 48, 7, 12),
(2771, 1332, 48, 2, 2),
(2771, 1336, 48, 10, 13),
(2771, 1337, 48, 3, 0),
(2771, 1338, 48, 10, 10),
(2771, 1341, 48, 9, 2),
(2771, 1342, 48, 7, 12),
(2771, 1347, 84, 4, 0),
(2771, 1353, 48, 3, 0),
(2771, 1355, 48, 3, 10),
(2771, 1359, 48, 3, 8),
(2772, 1304, 48, 4, 4),
(2772, 1305, 48, 2, 0),
(2772, 1309, 48, 3, 2),
(2772, 1311, 48, 9, 12),
(2772, 1312, 82, 5, 4),
(2772, 1314, 48, 4, 4),
(2772, 1315, 75, 6, 1),
(2772, 1316, 75, 7, 8),
(2772, 1319, 48, 5, 12),
(2772, 1327, 48, 1, 0),
(2772, 1330, 71, 6, 4),
(2772, 1336, 48, 9, 14),
(2772, 1337, 48, 8, 14),
(2772, 1338, 48, 8, 10),
(2772, 1341, 48, 2, 8),
(2772, 1342, 48, 5, 0),
(2772, 1345, 84, 1, 0),
(2772, 1346, 84, 1, 0),
(2772, 1351, 84, 2, 2),
(2772, 1352, 84, 2, 0),
(2772, 1353, 48, 8, 10),
(2772, 1355, 48, 10, 0),
(2772, 1358, 71, 4, 6),
(2773, 1306, 61, 7, 6),
(2773, 1310, 71, 4, 7),
(2773, 1311, 48, 8, 12),
(2773, 1312, 82, 6, 2),
(2773, 1314, 48, 8, 6),
(2773, 1317, 61, 9, 0),
(2773, 1319, 48, 4, 6),
(2773, 1328, 71, 2, 5),
(2773, 1331, 48, 5, 6),
(2773, 1332, 48, 4, 8),
(2773, 1336, 48, 9, 3),
(2773, 1338, 48, 9, 6),
(2773, 1341, 48, 1, 8),
(2773, 1342, 48, 2, 4),
(2773, 1350, 63, 1, 8),
(2773, 1353, 48, 5, 8),
(2773, 1356, 61, 4, 6),
(2773, 1359, 48, 2, 12),
(2774, 1304, 48, 4, 0),
(2774, 1305, 48, 3, 6),
(2774, 1309, 48, 10, 2),
(2774, 1313, 71, 4, 5),
(2774, 1314, 48, 5, 12),
(2774, 1315, 75, 9, 14),
(2774, 1316, 75, 8, 6),
(2774, 1320, 61, 9, 4),
(2774, 1327, 48, 7, 10),
(2774, 1331, 48, 3, 0),
(2774, 1332, 48, 9, 10),
(2774, 1336, 48, 10, 0),
(2774, 1337, 48, 10, 2),
(2774, 1339, 61, 1, 8),
(2774, 1340, 61, 9, 2),
(2774, 1341, 48, 2, 0),
(2774, 1342, 48, 7, 2),
(2774, 1348, 63, 0, 2),
(2774, 1354, 61, 5, 8),
(2774, 1355, 48, 6, 10),
(2774, 1359, 48, 5, 0),
(2775, 1304, 48, 8, 2),
(2775, 1305, 48, 10, 14),
(2775, 1309, 48, 9, 4),
(2775, 1311, 48, 9, 0),
(2775, 1312, 82, 1, 0),
(2775, 1314, 48, 9, 6),
(2775, 1315, 75, 7, 6),
(2775, 1316, 75, 5, 10),
(2775, 1319, 48, 2, 2),
(2775, 1327, 48, 9, 2),
(2775, 1331, 48, 2, 10),
(2775, 1332, 48, 8, 6),
(2775, 1336, 48, 3, 0),
(2775, 1337, 48, 4, 10),
(2775, 1338, 48, 5, 12),
(2775, 1341, 48, 7, 4),
(2775, 1342, 48, 3, 12),
(2775, 1347, 84, 0, 4),
(2775, 1353, 48, 9, 12),
(2775, 1355, 48, 5, 6),
(2775, 1359, 48, 2, 8),
(2776, 1304, 48, 6, 2),
(2776, 1305, 48, 7, 4),
(2776, 1309, 48, 6, 2),
(2776, 1311, 48, 3, 8),
(2776, 1312, 82, 6, 10),
(2776, 1314, 48, 6, 2),
(2776, 1315, 75, 9, 2),
(2776, 1316, 75, 6, 10),
(2776, 1319, 48, 3, 8),
(2776, 1327, 48, 6, 12),
(2776, 1330, 71, 4, 2),
(2776, 1336, 48, 9, 13),
(2776, 1337, 48, 7, 12),
(2776, 1338, 48, 9, 12),
(2776, 1341, 48, 4, 2),
(2776, 1342, 48, 10, 11),
(2776, 1345, 84, 5, 6),
(2776, 1346, 84, 5, 1),
(2776, 1351, 84, 5, 6),
(2776, 1352, 84, 5, 0),
(2776, 1353, 48, 4, 2),
(2776, 1355, 48, 9, 4),
(2776, 1358, 71, 3, 0),
(2777, 1306, 61, 9, 4),
(2777, 1310, 71, 2, 0),
(2777, 1311, 48, 2, 0),
(2777, 1312, 82, 8, 2),
(2777, 1314, 48, 3, 6),
(2777, 1317, 61, 5, 0),
(2777, 1319, 48, 3, 2),
(2777, 1328, 71, 2, 7),
(2777, 1331, 48, 8, 6),
(2777, 1332, 48, 10, 4),
(2777, 1336, 48, 5, 2),
(2777, 1338, 48, 7, 6),
(2777, 1341, 48, 8, 2),
(2777, 1342, 48, 4, 10),
(2777, 1350, 63, 0, 6),
(2777, 1353, 48, 8, 6),
(2777, 1356, 61, 8, 8),
(2777, 1359, 48, 9, 0),
(2778, 1304, 48, 7, 4),
(2778, 1305, 48, 3, 8),
(2778, 1309, 48, 4, 6),
(2778, 1313, 71, 3, 0),
(2778, 1314, 48, 4, 8),
(2778, 1315, 75, 5, 0),
(2778, 1316, 75, 5, 0),
(2778, 1320, 61, 3, 8),
(2778, 1327, 48, 6, 10),
(2778, 1331, 48, 3, 8),
(2778, 1332, 48, 8, 14),
(2778, 1336, 48, 1, 14),
(2778, 1337, 48, 6, 6),
(2778, 1339, 61, 1, 4),
(2778, 1340, 61, 9, 0),
(2778, 1341, 48, 5, 12),
(2778, 1342, 48, 1, 8),
(2778, 1348, 63, 2, 2),
(2778, 1354, 61, 9, 4),
(2778, 1355, 48, 8, 12),
(2778, 1359, 48, 7, 8),
(2779, 1304, 48, 5, 2),
(2779, 1305, 48, 8, 10),
(2779, 1309, 48, 8, 2),
(2779, 1311, 48, 10, 6),
(2779, 1312, 82, 8, 6),
(2779, 1314, 48, 2, 0),
(2779, 1315, 75, 8, 10),
(2779, 1316, 75, 10, 10),
(2779, 1319, 48, 2, 10),
(2779, 1327, 48, 6, 4),
(2779, 1331, 48, 10, 12),
(2779, 1332, 48, 7, 14),
(2779, 1336, 48, 9, 4),
(2779, 1337, 48, 5, 12),
(2779, 1338, 48, 6, 8),
(2779, 1341, 48, 7, 2),
(2779, 1342, 48, 7, 8),
(2779, 1347, 84, 4, 1),
(2779, 1353, 48, 5, 6),
(2779, 1355, 48, 6, 14),
(2779, 1359, 48, 7, 14),
(2780, 1304, 48, 9, 4),
(2780, 1305, 48, 5, 12),
(2780, 1309, 48, 1, 2),
(2780, 1311, 48, 3, 12),
(2780, 1312, 82, 1, 14),
(2780, 1314, 48, 3, 14),
(2780, 1315, 75, 3, 12),
(2780, 1316, 75, 1, 0),
(2780, 1319, 48, 3, 4),
(2780, 1327, 48, 7, 8),
(2780, 1330, 71, 5, 2),
(2780, 1336, 48, 8, 8),
(2780, 1337, 48, 4, 12),
(2780, 1338, 48, 3, 0),
(2780, 1341, 48, 3, 10),
(2780, 1342, 48, 9, 8),
(2780, 1345, 84, 2, 6),
(2780, 1346, 84, 5, 5),
(2780, 1351, 84, 5, 4),
(2780, 1352, 84, 5, 4),
(2780, 1353, 48, 1, 8),
(2780, 1355, 48, 1, 14),
(2780, 1358, 71, 6, 0),
(2781, 1306, 61, 5, 6),
(2781, 1310, 71, 6, 7),
(2781, 1311, 48, 6, 0),
(2781, 1312, 82, 3, 14),
(2781, 1314, 48, 7, 6),
(2781, 1317, 61, 5, 6),
(2781, 1319, 48, 5, 2),
(2781, 1328, 71, 5, 3),
(2781, 1331, 48, 1, 0),
(2781, 1332, 48, 1, 8),
(2781, 1336, 48, 4, 6),
(2781, 1338, 48, 9, 10),
(2781, 1341, 48, 10, 11),
(2781, 1342, 48, 6, 4),
(2781, 1350, 63, 0, 4),
(2781, 1353, 48, 3, 6),
(2781, 1356, 61, 8, 4),
(2781, 1359, 48, 3, 0),
(2782, 1304, 48, 2, 12),
(2782, 1305, 48, 2, 6),
(2782, 1309, 48, 4, 8),
(2782, 1313, 71, 4, 3),
(2782, 1314, 48, 8, 8),
(2782, 1315, 75, 9, 10),
(2782, 1316, 75, 7, 14),
(2782, 1320, 61, 7, 4),
(2782, 1327, 48, 2, 6),
(2782, 1331, 48, 7, 2),
(2782, 1332, 48, 6, 6),
(2782, 1336, 48, 8, 4),
(2782, 1337, 48, 2, 2),
(2782, 1339, 61, 2, 0),
(2782, 1340, 61, 1, 0),
(2782, 1341, 48, 10, 14),
(2782, 1342, 48, 9, 1),
(2782, 1348, 63, 2, 3),
(2782, 1354, 61, 3, 0),
(2782, 1355, 48, 10, 12),
(2782, 1359, 48, 10, 2),
(2783, 1304, 48, 3, 12),
(2783, 1305, 48, 9, 10),
(2783, 1309, 48, 8, 10),
(2783, 1311, 48, 10, 12),
(2783, 1312, 82, 9, 14),
(2783, 1314, 48, 9, 4),
(2783, 1315, 75, 6, 0),
(2783, 1316, 75, 2, 10),
(2783, 1319, 48, 6, 12),
(2783, 1327, 48, 7, 2),
(2783, 1331, 48, 4, 12),
(2783, 1332, 48, 2, 12),
(2783, 1336, 48, 7, 6),
(2783, 1337, 48, 6, 0),
(2783, 1338, 48, 4, 14),
(2783, 1341, 48, 4, 6),
(2783, 1342, 48, 4, 6),
(2783, 1347, 84, 0, 6),
(2783, 1353, 48, 3, 12),
(2783, 1355, 48, 5, 8),
(2783, 1359, 48, 4, 2),
(2784, 1304, 48, 4, 6),
(2784, 1305, 48, 5, 8),
(2784, 1309, 48, 2, 2),
(2784, 1311, 48, 6, 2),
(2784, 1312, 82, 8, 8),
(2784, 1314, 48, 10, 3),
(2784, 1315, 75, 8, 2),
(2784, 1316, 75, 2, 12),
(2784, 1319, 48, 7, 8),
(2784, 1327, 48, 3, 14),
(2784, 1330, 71, 3, 0),
(2784, 1336, 48, 3, 10),
(2784, 1337, 48, 10, 12),
(2784, 1338, 48, 2, 6),
(2784, 1341, 48, 10, 8),
(2784, 1342, 48, 1, 12),
(2784, 1345, 84, 2, 4),
(2784, 1346, 84, 4, 6),
(2784, 1351, 84, 1, 6),
(2784, 1352, 84, 5, 5),
(2784, 1353, 48, 2, 6),
(2784, 1355, 48, 6, 0),
(2784, 1358, 71, 1, 0),
(2785, 1306, 61, 5, 4),
(2785, 1310, 71, 2, 5),
(2785, 1311, 48, 1, 0),
(2785, 1312, 82, 4, 12),
(2785, 1314, 48, 6, 10),
(2785, 1317, 61, 3, 0),
(2785, 1319, 48, 2, 0),
(2785, 1328, 71, 1, 7),
(2785, 1331, 48, 2, 4),
(2785, 1332, 48, 3, 0),
(2785, 1336, 48, 4, 14),
(2785, 1338, 48, 9, 14),
(2785, 1341, 48, 6, 10),
(2785, 1342, 48, 8, 10),
(2785, 1350, 63, 2, 2),
(2785, 1353, 48, 6, 8),
(2785, 1356, 61, 5, 8),
(2785, 1359, 48, 5, 10),
(2786, 1304, 48, 6, 8),
(2786, 1305, 48, 10, 8),
(2786, 1309, 48, 9, 0),
(2786, 1313, 71, 6, 3),
(2786, 1314, 48, 8, 5),
(2786, 1315, 75, 9, 0),
(2786, 1316, 75, 9, 2),
(2786, 1320, 61, 3, 4),
(2786, 1327, 48, 8, 8),
(2786, 1331, 48, 3, 14),
(2786, 1332, 48, 10, 8),
(2786, 1336, 48, 1, 12),
(2786, 1337, 48, 10, 4),
(2786, 1339, 61, 3, 6),
(2786, 1340, 61, 3, 6),
(2786, 1341, 48, 10, 2),
(2786, 1342, 48, 3, 4),
(2786, 1348, 63, 2, 0),
(2786, 1354, 61, 5, 2),
(2786, 1355, 48, 10, 10),
(2786, 1359, 48, 2, 0),
(2788, 1304, 48, 3, 0),
(2788, 1305, 48, 6, 4),
(2788, 1309, 48, 1, 8),
(2788, 1311, 48, 4, 10),
(2788, 1312, 82, 5, 8),
(2788, 1314, 48, 1, 10),
(2788, 1315, 75, 4, 10),
(2788, 1316, 75, 3, 12),
(2788, 1319, 48, 4, 14),
(2788, 1327, 48, 10, 2),
(2788, 1330, 71, 6, 0),
(2788, 1336, 48, 7, 2),
(2788, 1337, 48, 6, 10),
(2788, 1338, 48, 10, 8),
(2788, 1341, 48, 9, 10),
(2788, 1342, 48, 1, 0),
(2788, 1345, 84, 0, 4),
(2788, 1346, 84, 2, 4),
(2788, 1351, 84, 5, 1),
(2788, 1352, 84, 5, 1),
(2788, 1353, 48, 2, 0),
(2788, 1355, 48, 10, 8),
(2788, 1358, 71, 1, 2),
(2789, 1306, 61, 1, 6),
(2789, 1310, 71, 0, 3),
(2789, 1311, 48, 9, 4),
(2789, 1312, 82, 5, 6),
(2789, 1314, 48, 10, 11),
(2789, 1317, 61, 7, 0),
(2789, 1319, 48, 7, 4),
(2789, 1328, 71, 4, 5),
(2789, 1331, 48, 9, 0),
(2789, 1332, 48, 8, 4),
(2789, 1336, 48, 10, 3),
(2789, 1338, 48, 4, 8),
(2789, 1341, 48, 6, 12),
(2789, 1342, 48, 9, 14),
(2789, 1350, 63, 0, 10),
(2789, 1353, 48, 10, 4),
(2789, 1356, 61, 6, 8),
(2789, 1359, 48, 5, 14),
(2791, 1304, 48, 7, 10),
(2791, 1305, 48, 1, 0),
(2791, 1309, 48, 1, 14),
(2791, 1311, 48, 2, 8),
(2791, 1312, 82, 2, 6),
(2791, 1314, 48, 10, 9),
(2791, 1315, 75, 1, 1),
(2791, 1316, 75, 10, 12),
(2791, 1319, 48, 1, 0),
(2791, 1327, 48, 1, 14),
(2791, 1331, 48, 1, 8),
(2791, 1332, 48, 4, 2),
(2791, 1336, 48, 8, 0),
(2791, 1337, 48, 1, 0),
(2791, 1338, 48, 1, 0),
(2791, 1341, 48, 9, 5),
(2791, 1342, 48, 5, 10),
(2791, 1347, 84, 1, 6),
(2791, 1353, 48, 1, 0),
(2791, 1355, 48, 1, 0),
(2791, 1359, 48, 9, 4),
(2792, 1304, 48, 10, 8),
(2792, 1305, 48, 2, 12),
(2792, 1309, 48, 8, 14),
(2792, 1311, 48, 6, 12),
(2792, 1312, 82, 9, 6),
(2792, 1314, 48, 1, 6),
(2792, 1315, 75, 9, 8),
(2792, 1316, 75, 6, 6),
(2792, 1319, 48, 9, 12),
(2792, 1327, 48, 4, 10),
(2792, 1330, 71, 2, 0),
(2792, 1336, 48, 9, 10),
(2792, 1337, 48, 7, 2),
(2792, 1338, 48, 6, 2),
(2792, 1341, 48, 8, 12),
(2792, 1342, 48, 4, 8),
(2792, 1345, 84, 2, 0),
(2792, 1346, 84, 4, 4),
(2792, 1351, 84, 4, 6),
(2792, 1352, 84, 2, 4),
(2792, 1353, 48, 7, 10),
(2792, 1355, 48, 3, 8),
(2792, 1358, 71, 2, 4),
(2793, 1306, 61, 3, 4),
(2793, 1310, 71, 4, 5),
(2793, 1311, 48, 8, 2),
(2793, 1312, 82, 2, 10),
(2793, 1314, 48, 7, 14),
(2793, 1317, 61, 9, 2),
(2793, 1319, 48, 3, 0),
(2793, 1328, 71, 0, 3),
(2793, 1331, 48, 4, 14),
(2793, 1332, 48, 8, 2),
(2793, 1336, 48, 2, 12),
(2793, 1338, 48, 5, 8),
(2793, 1341, 48, 2, 4),
(2793, 1342, 48, 6, 8),
(2793, 1350, 63, 2, 3),
(2793, 1353, 48, 2, 2),
(2793, 1356, 61, 6, 6),
(2793, 1359, 48, 10, 12),
(2794, 1304, 48, 8, 6),
(2794, 1305, 48, 4, 14),
(2794, 1309, 48, 9, 2),
(2794, 1313, 71, 2, 3),
(2794, 1314, 48, 9, 3),
(2794, 1315, 75, 4, 8),
(2794, 1316, 75, 2, 2),
(2794, 1320, 61, 1, 2),
(2794, 1327, 48, 8, 10),
(2794, 1331, 48, 10, 6),
(2794, 1332, 48, 4, 12),
(2794, 1336, 48, 4, 0),
(2794, 1337, 48, 5, 2),
(2794, 1339, 61, 5, 8),
(2794, 1340, 61, 5, 8),
(2794, 1341, 48, 4, 12),
(2794, 1342, 48, 3, 8),
(2794, 1348, 63, 0, 4),
(2794, 1354, 61, 5, 4),
(2794, 1355, 48, 6, 2),
(2794, 1359, 48, 4, 4),
(2795, 1304, 48, 2, 14),
(2795, 1305, 48, 9, 2),
(2795, 1309, 48, 10, 8),
(2795, 1311, 48, 8, 6),
(2795, 1312, 82, 2, 4),
(2795, 1314, 48, 5, 4),
(2795, 1315, 75, 10, 3),
(2795, 1316, 75, 4, 2),
(2795, 1319, 48, 6, 0),
(2795, 1327, 48, 2, 10),
(2795, 1331, 48, 4, 6),
(2795, 1332, 48, 9, 2),
(2795, 1336, 48, 8, 14),
(2795, 1337, 48, 8, 0),
(2795, 1338, 48, 4, 2),
(2795, 1341, 48, 9, 6),
(2795, 1342, 48, 5, 8),
(2795, 1347, 84, 5, 0),
(2795, 1353, 48, 7, 4),
(2795, 1355, 48, 8, 4),
(2795, 1359, 48, 9, 8),
(2797, 1304, 48, 2, 10),
(2797, 1305, 48, 2, 14),
(2797, 1309, 48, 8, 8),
(2797, 1311, 48, 2, 2),
(2797, 1312, 82, 7, 4),
(2797, 1314, 48, 1, 14),
(2797, 1315, 75, 8, 12),
(2797, 1316, 75, 2, 14),
(2797, 1319, 48, 9, 2),
(2797, 1327, 48, 6, 2),
(2797, 1331, 48, 6, 14),
(2797, 1332, 48, 7, 2),
(2797, 1336, 48, 5, 0),
(2797, 1337, 48, 7, 8),
(2797, 1338, 48, 3, 10),
(2797, 1341, 48, 4, 8),
(2797, 1342, 48, 10, 12),
(2797, 1347, 84, 0, 0),
(2797, 1353, 48, 4, 4),
(2797, 1355, 48, 7, 14),
(2797, 1359, 48, 2, 10),
(2870, 1302, 84, 5, 4),
(2870, 1303, 84, 5, 4),
(2870, 1307, 48, 10, 14),
(2870, 1308, 48, 1, 6),
(2870, 1318, 48, 2, 6),
(2870, 1322, 78, 2, 6),
(2870, 1323, 84, 4, 1),
(2870, 1324, 48, 6, 6),
(2870, 1325, 85, 1, 1),
(2870, 1326, 48, 6, 10),
(2870, 1335, 63, 1, 10),
(2870, 1343, 81, 6, 10),
(2870, 1344, 48, 2, 0),
(2870, 1362, 84, 1, 6),
(2870, 1363, 75, 1, 4),
(2870, 1365, 61, 9, 0),
(2871, 1307, 48, 7, 14),
(2871, 1308, 48, 6, 6),
(2871, 1318, 48, 2, 12),
(2871, 1324, 48, 8, 0),
(2871, 1326, 48, 4, 2),
(2871, 1334, 84, 5, 0),
(2871, 1343, 81, 8, 6),
(2871, 1344, 48, 2, 6),
(2871, 1360, 63, 2, 6),
(2871, 1363, 75, 6, 4),
(2872, 1307, 48, 7, 10),
(2872, 1308, 48, 6, 8),
(2872, 1318, 48, 10, 6),
(2872, 1324, 48, 10, 0),
(2872, 1326, 48, 1, 2),
(2872, 1333, 85, 2, 3),
(2872, 1343, 81, 8, 14),
(2872, 1344, 48, 9, 8),
(2872, 1361, 63, 2, 4),
(2872, 1363, 75, 1, 6),
(2873, 1302, 84, 4, 4),
(2873, 1303, 84, 4, 4),
(2873, 1307, 48, 4, 14),
(2873, 1308, 48, 6, 14),
(2873, 1318, 48, 9, 6),
(2873, 1322, 78, 3, 2),
(2873, 1323, 84, 4, 4),
(2873, 1324, 48, 10, 6),
(2873, 1325, 85, 1, 3),
(2873, 1326, 48, 6, 12),
(2873, 1335, 63, 1, 7),
(2873, 1343, 81, 9, 6),
(2873, 1344, 48, 10, 6),
(2873, 1362, 84, 0, 1),
(2873, 1363, 75, 10, 12),
(2873, 1365, 61, 7, 0),
(2874, 1307, 48, 8, 10),
(2874, 1308, 48, 6, 4),
(2874, 1318, 48, 7, 2),
(2874, 1324, 48, 8, 6),
(2874, 1326, 48, 3, 4),
(2874, 1334, 84, 2, 6),
(2874, 1343, 81, 5, 10),
(2874, 1344, 48, 7, 12),
(2874, 1360, 63, 1, 1),
(2874, 1363, 75, 2, 6),
(2875, 1307, 48, 4, 8),
(2875, 1308, 48, 1, 12),
(2875, 1318, 48, 3, 10),
(2875, 1324, 48, 10, 12),
(2875, 1326, 48, 1, 10),
(2875, 1333, 85, 0, 0),
(2875, 1343, 81, 9, 10),
(2875, 1344, 48, 10, 8),
(2875, 1361, 63, 0, 0),
(2875, 1363, 75, 10, 8),
(2876, 1302, 84, 0, 6),
(2876, 1303, 84, 0, 6),
(2876, 1307, 48, 5, 4),
(2876, 1308, 48, 7, 12),
(2876, 1318, 48, 6, 14),
(2876, 1322, 78, 4, 7),
(2876, 1323, 84, 2, 1),
(2876, 1324, 48, 2, 2),
(2876, 1325, 85, 0, 1),
(2876, 1326, 48, 8, 10),
(2876, 1335, 63, 1, 1),
(2876, 1343, 81, 2, 8),
(2876, 1344, 48, 8, 2),
(2876, 1362, 84, 4, 4),
(2876, 1363, 75, 2, 12),
(2876, 1365, 61, 0, 8),
(2877, 1307, 48, 8, 8),
(2877, 1308, 48, 10, 6),
(2877, 1318, 48, 2, 2),
(2877, 1324, 48, 3, 0),
(2877, 1326, 48, 6, 6),
(2877, 1334, 84, 4, 0),
(2877, 1343, 81, 1, 14),
(2877, 1344, 48, 3, 8),
(2877, 1360, 63, 1, 10),
(2877, 1363, 75, 3, 14),
(2878, 1307, 48, 2, 14),
(2878, 1308, 48, 10, 2),
(2878, 1318, 48, 8, 14),
(2878, 1324, 48, 9, 2),
(2878, 1326, 48, 10, 14),
(2878, 1333, 85, 1, 0),
(2878, 1343, 81, 1, 8),
(2878, 1344, 48, 2, 8),
(2878, 1361, 63, 0, 4),
(2878, 1363, 75, 10, 10),
(2879, 1302, 84, 1, 6),
(2879, 1303, 84, 1, 6),
(2879, 1307, 48, 6, 2),
(2879, 1308, 48, 10, 0),
(2879, 1318, 48, 5, 8),
(2879, 1322, 78, 4, 6),
(2879, 1323, 84, 2, 2),
(2879, 1324, 48, 7, 10),
(2879, 1325, 85, 0, 2),
(2879, 1326, 48, 2, 0),
(2879, 1335, 63, 2, 1),
(2879, 1343, 81, 7, 2),
(2879, 1344, 48, 3, 4),
(2879, 1362, 84, 0, 2),
(2879, 1363, 75, 9, 8),
(2879, 1365, 61, 5, 2),
(2880, 1307, 48, 9, 4),
(2880, 1308, 48, 8, 0),
(2880, 1318, 48, 9, 8),
(2880, 1324, 48, 4, 10),
(2880, 1326, 48, 9, 14),
(2880, 1334, 84, 1, 0),
(2880, 1343, 81, 3, 4),
(2880, 1344, 48, 4, 6),
(2880, 1360, 63, 1, 0),
(2880, 1363, 75, 9, 12),
(2882, 1302, 84, 2, 4),
(2882, 1303, 84, 0, 0),
(2882, 1307, 48, 9, 6),
(2882, 1308, 48, 6, 0),
(2882, 1318, 48, 8, 12),
(2882, 1322, 78, 2, 7),
(2882, 1323, 84, 1, 4),
(2882, 1324, 48, 8, 10),
(2882, 1325, 85, 2, 9),
(2882, 1326, 48, 7, 12),
(2882, 1335, 63, 2, 2),
(2882, 1343, 81, 7, 6),
(2882, 1344, 48, 8, 6),
(2882, 1362, 84, 2, 4),
(2882, 1363, 75, 4, 4),
(2882, 1365, 61, 0, 6),
(2883, 1307, 48, 5, 12),
(2883, 1308, 48, 4, 14),
(2883, 1318, 48, 4, 0),
(2883, 1324, 48, 5, 2),
(2883, 1326, 48, 8, 6),
(2883, 1334, 84, 1, 6),
(2883, 1343, 81, 1, 0),
(2883, 1344, 48, 5, 0),
(2883, 1360, 63, 2, 4),
(2883, 1363, 75, 6, 14),
(2884, 1307, 48, 9, 2),
(2884, 1308, 48, 10, 10),
(2884, 1318, 48, 5, 12),
(2884, 1324, 48, 2, 8),
(2884, 1326, 48, 9, 12),
(2884, 1333, 85, 0, 8),
(2884, 1343, 81, 9, 0),
(2884, 1344, 48, 3, 10),
(2884, 1361, 63, 0, 10),
(2884, 1363, 75, 7, 10),
(2885, 1302, 84, 5, 6),
(2885, 1303, 84, 5, 6),
(2885, 1307, 48, 9, 0),
(2885, 1308, 48, 4, 10),
(2885, 1318, 48, 7, 6),
(2885, 1322, 78, 2, 0),
(2885, 1323, 84, 2, 5),
(2885, 1324, 48, 2, 10),
(2885, 1325, 85, 2, 8),
(2885, 1326, 48, 4, 12),
(2885, 1335, 63, 2, 7),
(2885, 1343, 81, 8, 0),
(2885, 1344, 48, 7, 10),
(2885, 1362, 84, 2, 5),
(2885, 1363, 75, 8, 8),
(2885, 1365, 61, 4, 0),
(2886, 1307, 48, 2, 6),
(2886, 1308, 48, 6, 2),
(2886, 1318, 48, 3, 8),
(2886, 1324, 48, 9, 10),
(2886, 1326, 48, 7, 10),
(2886, 1334, 84, 4, 1),
(2886, 1343, 81, 7, 8),
(2886, 1344, 48, 6, 6),
(2886, 1360, 63, 2, 3),
(2886, 1363, 75, 3, 12),
(2887, 1307, 48, 4, 4),
(2887, 1308, 48, 3, 4),
(2887, 1318, 48, 10, 0),
(2887, 1324, 48, 9, 6),
(2887, 1326, 48, 4, 10),
(2887, 1333, 85, 2, 10),
(2887, 1343, 81, 4, 6),
(2887, 1344, 48, 2, 12),
(2887, 1361, 63, 2, 10),
(2887, 1363, 75, 6, 8),
(2888, 1302, 84, 2, 5),
(2888, 1303, 84, 4, 6),
(2888, 1307, 48, 8, 4),
(2888, 1308, 48, 10, 14),
(2888, 1318, 48, 2, 14),
(2888, 1322, 78, 1, 6),
(2888, 1323, 84, 0, 5),
(2888, 1324, 48, 5, 12),
(2888, 1325, 85, 1, 8),
(2888, 1326, 48, 3, 0),
(2888, 1335, 63, 1, 4),
(2888, 1343, 81, 1, 4),
(2888, 1344, 48, 7, 8),
(2888, 1362, 84, 5, 5),
(2888, 1363, 75, 4, 6),
(2888, 1365, 61, 3, 8),
(2889, 1307, 48, 7, 6),
(2889, 1308, 48, 7, 6),
(2889, 1318, 48, 3, 6),
(2889, 1324, 48, 7, 12),
(2889, 1326, 48, 3, 14),
(2889, 1334, 84, 2, 2),
(2889, 1343, 81, 7, 4),
(2889, 1344, 48, 6, 4),
(2889, 1360, 63, 1, 7),
(2889, 1363, 75, 6, 12),
(2890, 1307, 48, 10, 4),
(2890, 1308, 48, 5, 10),
(2890, 1318, 48, 9, 2),
(2890, 1324, 48, 5, 10),
(2890, 1326, 48, 10, 6),
(2890, 1333, 85, 0, 2),
(2890, 1343, 81, 3, 6),
(2890, 1344, 48, 6, 8),
(2890, 1361, 63, 0, 8),
(2890, 1363, 75, 8, 6),
(2891, 1302, 84, 1, 4),
(2891, 1303, 84, 5, 1),
(2891, 1307, 48, 10, 0),
(2891, 1308, 48, 9, 14),
(2891, 1318, 48, 6, 8),
(2891, 1322, 78, 1, 0),
(2891, 1323, 84, 0, 0),
(2891, 1324, 48, 3, 14),
(2891, 1325, 85, 2, 3),
(2891, 1326, 48, 8, 8),
(2891, 1335, 63, 0, 0),
(2891, 1343, 81, 4, 4),
(2891, 1344, 48, 3, 2),
(2891, 1362, 84, 2, 1),
(2891, 1363, 75, 7, 14),
(2891, 1365, 61, 3, 2),
(2893, 1307, 48, 3, 0),
(2893, 1308, 48, 9, 2),
(2893, 1318, 48, 3, 2),
(2893, 1324, 48, 4, 12),
(2893, 1326, 48, 8, 0),
(2893, 1333, 85, 2, 8),
(2893, 1343, 81, 6, 6),
(2893, 1344, 48, 5, 10),
(2893, 1361, 63, 1, 2),
(2893, 1363, 75, 3, 10),
(2894, 1302, 84, 2, 1),
(2894, 1303, 84, 2, 4),
(2894, 1307, 48, 4, 0),
(2894, 1308, 48, 9, 4),
(2894, 1318, 48, 4, 12),
(2894, 1322, 78, 2, 3),
(2894, 1323, 84, 1, 1),
(2894, 1324, 48, 4, 0),
(2894, 1325, 85, 1, 10),
(2894, 1326, 48, 8, 14),
(2894, 1335, 63, 0, 7),
(2894, 1343, 81, 1, 2),
(2894, 1344, 48, 4, 12),
(2894, 1362, 84, 0, 5),
(2894, 1363, 75, 3, 2),
(2894, 1365, 61, 3, 4),
(2895, 1307, 48, 2, 12),
(2895, 1308, 48, 1, 8),
(2895, 1318, 48, 2, 4),
(2895, 1324, 48, 10, 8),
(2895, 1326, 48, 1, 14),
(2895, 1334, 84, 2, 4),
(2895, 1343, 81, 9, 14),
(2895, 1344, 48, 10, 14),
(2895, 1360, 63, 2, 1),
(2895, 1363, 75, 10, 6),
(2896, 1307, 48, 7, 0),
(2896, 1308, 48, 7, 2),
(2896, 1318, 48, 9, 12),
(2896, 1324, 48, 5, 4),
(2896, 1326, 48, 7, 2),
(2896, 1333, 85, 1, 6),
(2896, 1343, 81, 3, 14),
(2896, 1344, 48, 8, 4),
(2896, 1361, 63, 0, 2),
(2896, 1363, 75, 4, 0),
(2897, 1302, 84, 0, 4),
(2897, 1303, 84, 1, 4),
(2897, 1307, 48, 6, 6),
(2897, 1308, 48, 8, 4),
(2897, 1318, 48, 8, 4),
(2897, 1322, 78, 3, 6),
(2897, 1323, 84, 5, 6),
(2897, 1324, 48, 3, 4),
(2897, 1325, 85, 2, 5),
(2897, 1326, 48, 2, 8),
(2897, 1335, 63, 1, 6),
(2897, 1343, 81, 4, 14),
(2897, 1344, 48, 4, 4),
(2897, 1362, 84, 2, 6),
(2897, 1363, 75, 1, 2),
(2897, 1365, 61, 7, 8),
(2898, 1307, 48, 10, 2),
(2898, 1308, 48, 3, 6),
(2898, 1318, 48, 3, 12),
(2898, 1324, 48, 4, 6),
(2898, 1326, 48, 7, 14),
(2898, 1334, 84, 2, 0),
(2898, 1343, 81, 4, 8),
(2898, 1344, 48, 6, 14),
(2898, 1360, 63, 0, 6),
(2898, 1363, 75, 7, 0),
(2899, 1307, 48, 5, 8),
(2899, 1308, 48, 9, 10),
(2899, 1318, 48, 8, 10),
(2899, 1324, 48, 8, 2),
(2899, 1326, 48, 10, 12),
(2899, 1333, 85, 0, 6),
(2899, 1343, 81, 5, 6),
(2899, 1344, 48, 4, 10),
(2899, 1361, 63, 1, 4),
(2899, 1363, 75, 4, 10),
(2900, 1302, 84, 4, 6),
(2900, 1303, 84, 0, 1),
(2900, 1307, 48, 4, 6),
(2900, 1308, 48, 3, 0),
(2900, 1318, 48, 3, 14),
(2900, 1322, 78, 2, 4),
(2900, 1323, 84, 1, 5),
(2900, 1324, 48, 8, 8),
(2900, 1325, 85, 0, 8),
(2900, 1326, 48, 2, 14),
(2900, 1335, 63, 1, 8),
(2900, 1343, 81, 2, 14),
(2900, 1344, 48, 3, 6),
(2900, 1362, 84, 1, 2),
(2900, 1363, 75, 8, 12),
(2900, 1365, 61, 8, 0),
(2901, 1307, 48, 4, 12),
(2901, 1308, 48, 5, 6),
(2901, 1318, 48, 6, 10),
(2901, 1324, 48, 6, 12),
(2901, 1326, 48, 9, 0),
(2901, 1334, 84, 5, 4),
(2901, 1343, 81, 6, 0),
(2901, 1344, 48, 3, 12),
(2901, 1360, 63, 2, 0),
(2901, 1363, 75, 2, 10);
INSERT INTO `placement` (`id_etudiant`, `id_devoir`, `id_salle`, `place_x`, `place_y`) VALUES
(2902, 1307, 48, 5, 6),
(2902, 1308, 48, 1, 14),
(2902, 1318, 48, 2, 8),
(2902, 1324, 48, 10, 14),
(2902, 1326, 48, 1, 8),
(2902, 1333, 85, 1, 10),
(2902, 1343, 81, 9, 12),
(2902, 1344, 48, 10, 12),
(2902, 1361, 63, 2, 6),
(2902, 1363, 75, 10, 0),
(2903, 1302, 84, 1, 1),
(2903, 1303, 84, 1, 1),
(2903, 1307, 48, 10, 6),
(2903, 1308, 48, 4, 12),
(2903, 1318, 48, 4, 6),
(2903, 1322, 78, 4, 1),
(2903, 1323, 84, 5, 5),
(2903, 1324, 48, 7, 0),
(2903, 1325, 85, 2, 7),
(2903, 1326, 48, 6, 2),
(2903, 1335, 63, 0, 9),
(2903, 1343, 81, 7, 12),
(2903, 1344, 48, 3, 14),
(2903, 1362, 84, 5, 2),
(2903, 1363, 75, 1, 10),
(2903, 1365, 61, 6, 0),
(2904, 1307, 48, 6, 12),
(2904, 1308, 48, 6, 10),
(2904, 1318, 48, 2, 10),
(2904, 1324, 48, 3, 8),
(2904, 1326, 48, 2, 4),
(2904, 1334, 84, 5, 5),
(2904, 1343, 81, 6, 2),
(2904, 1344, 48, 7, 2),
(2904, 1360, 63, 2, 7),
(2904, 1363, 75, 7, 6),
(2905, 1307, 48, 5, 2),
(2905, 1308, 48, 1, 10),
(2905, 1318, 48, 8, 8),
(2905, 1324, 48, 10, 10),
(2905, 1326, 48, 1, 12),
(2905, 1333, 85, 2, 0),
(2905, 1343, 81, 9, 8),
(2905, 1344, 48, 10, 10),
(2905, 1361, 63, 2, 8),
(2905, 1363, 75, 10, 2),
(2906, 1302, 84, 0, 1),
(2906, 1303, 84, 2, 1),
(2906, 1307, 48, 3, 2),
(2906, 1308, 48, 7, 10),
(2906, 1318, 48, 8, 2),
(2906, 1322, 78, 1, 4),
(2906, 1323, 84, 0, 2),
(2906, 1324, 48, 3, 12),
(2906, 1325, 85, 0, 10),
(2906, 1326, 48, 7, 8),
(2906, 1335, 63, 1, 3),
(2906, 1343, 81, 7, 14),
(2906, 1344, 48, 8, 14),
(2906, 1362, 84, 0, 4),
(2906, 1363, 75, 7, 12),
(2906, 1365, 61, 1, 4),
(2907, 1307, 48, 3, 6),
(2907, 1308, 48, 3, 10),
(2907, 1318, 48, 10, 12),
(2907, 1324, 48, 5, 6),
(2907, 1326, 48, 6, 4),
(2907, 1334, 84, 1, 2),
(2907, 1343, 81, 2, 10),
(2907, 1344, 48, 10, 0),
(2907, 1360, 63, 0, 8),
(2907, 1363, 75, 9, 14),
(2908, 1307, 48, 7, 8),
(2908, 1308, 48, 8, 6),
(2908, 1318, 48, 10, 4),
(2908, 1324, 48, 10, 2),
(2908, 1326, 48, 3, 2),
(2908, 1333, 85, 1, 3),
(2908, 1343, 81, 1, 12),
(2908, 1344, 48, 7, 14),
(2908, 1361, 63, 2, 2),
(2908, 1363, 75, 3, 0),
(2909, 1302, 84, 5, 1),
(2909, 1303, 84, 4, 1),
(2909, 1307, 48, 6, 4),
(2909, 1308, 48, 10, 8),
(2909, 1318, 48, 9, 0),
(2909, 1322, 78, 1, 7),
(2909, 1323, 84, 0, 6),
(2909, 1324, 48, 7, 6),
(2909, 1325, 85, 0, 9),
(2909, 1326, 48, 2, 6),
(2909, 1335, 63, 0, 6),
(2909, 1343, 81, 6, 14),
(2909, 1344, 48, 3, 0),
(2909, 1362, 84, 5, 0),
(2909, 1363, 75, 9, 6),
(2909, 1365, 61, 0, 4),
(2910, 1307, 48, 10, 12),
(2910, 1308, 48, 8, 2),
(2910, 1318, 48, 3, 0),
(2910, 1324, 48, 6, 2),
(2910, 1326, 48, 6, 8),
(2910, 1334, 84, 0, 1),
(2910, 1343, 81, 2, 12),
(2910, 1344, 48, 6, 12),
(2910, 1360, 63, 0, 4),
(2910, 1363, 75, 4, 8),
(2911, 1307, 48, 8, 2),
(2911, 1308, 48, 4, 8),
(2911, 1318, 48, 10, 2),
(2911, 1324, 48, 10, 4),
(2911, 1326, 48, 4, 0),
(2911, 1333, 85, 2, 6),
(2911, 1343, 81, 3, 10),
(2911, 1344, 48, 9, 12),
(2911, 1361, 63, 2, 0),
(2911, 1363, 75, 4, 14),
(2912, 1302, 84, 2, 6),
(2912, 1303, 84, 2, 6),
(2912, 1307, 48, 2, 4),
(2912, 1308, 48, 4, 6),
(2912, 1318, 48, 10, 14),
(2912, 1322, 78, 4, 5),
(2912, 1323, 84, 2, 0),
(2912, 1324, 48, 6, 0),
(2912, 1325, 85, 0, 0),
(2912, 1326, 48, 3, 12),
(2912, 1335, 63, 1, 0),
(2912, 1343, 81, 6, 12),
(2912, 1344, 48, 7, 0),
(2912, 1362, 84, 4, 1),
(2912, 1363, 75, 2, 0),
(2912, 1365, 61, 6, 2),
(2913, 1307, 48, 5, 14),
(2913, 1308, 48, 1, 4),
(2913, 1318, 48, 7, 8),
(2913, 1324, 48, 9, 12),
(2913, 1326, 48, 2, 12),
(2913, 1334, 84, 0, 6),
(2913, 1343, 81, 5, 8),
(2913, 1344, 48, 2, 10),
(2913, 1360, 63, 0, 7),
(2913, 1363, 75, 8, 0),
(2914, 1307, 48, 6, 14),
(2914, 1308, 48, 9, 0),
(2914, 1318, 48, 10, 10),
(2914, 1324, 48, 2, 0),
(2914, 1326, 48, 2, 10),
(2914, 1334, 84, 0, 4),
(2914, 1343, 81, 9, 4),
(2914, 1344, 48, 10, 4),
(2914, 1360, 63, 0, 10),
(2914, 1363, 75, 8, 10),
(2915, 1302, 84, 2, 2),
(2915, 1303, 84, 1, 2),
(2915, 1307, 48, 2, 10),
(2915, 1308, 48, 3, 8),
(2915, 1318, 48, 7, 14),
(2915, 1322, 78, 1, 2),
(2915, 1323, 84, 5, 0),
(2915, 1324, 48, 9, 14),
(2915, 1325, 85, 2, 0),
(2915, 1326, 48, 3, 8),
(2915, 1335, 63, 2, 8),
(2915, 1343, 81, 2, 6),
(2915, 1344, 48, 7, 4),
(2915, 1362, 84, 4, 5),
(2915, 1363, 75, 9, 2),
(2915, 1365, 61, 9, 6),
(2916, 1307, 48, 2, 8),
(2916, 1308, 48, 7, 14),
(2916, 1318, 48, 8, 6),
(2916, 1324, 48, 7, 2),
(2916, 1326, 48, 9, 8),
(2916, 1334, 84, 0, 2),
(2916, 1343, 81, 7, 10),
(2916, 1344, 48, 2, 4),
(2916, 1360, 63, 0, 2),
(2916, 1363, 75, 10, 14),
(2917, 1302, 84, 5, 2),
(2917, 1303, 84, 4, 2),
(2917, 1307, 48, 8, 14),
(2917, 1308, 48, 4, 4),
(2917, 1318, 48, 5, 0),
(2917, 1322, 78, 1, 5),
(2917, 1323, 84, 0, 4),
(2917, 1324, 48, 5, 0),
(2917, 1325, 85, 2, 10),
(2917, 1326, 48, 10, 8),
(2917, 1335, 63, 0, 3),
(2917, 1343, 81, 7, 0),
(2917, 1344, 48, 5, 8),
(2917, 1362, 84, 4, 2),
(2917, 1363, 75, 7, 2),
(2917, 1365, 61, 9, 2),
(2918, 1307, 48, 8, 12),
(2918, 1308, 48, 8, 10),
(2918, 1318, 48, 5, 14),
(2918, 1324, 48, 9, 8),
(2918, 1326, 48, 3, 10),
(2918, 1334, 84, 5, 2),
(2918, 1343, 81, 8, 4),
(2918, 1344, 48, 9, 4),
(2918, 1360, 63, 2, 10),
(2918, 1363, 75, 2, 4),
(2919, 1302, 84, 5, 0),
(2919, 1303, 84, 2, 0),
(2919, 1307, 48, 6, 0),
(2919, 1308, 48, 7, 4),
(2919, 1318, 48, 4, 14),
(2919, 1322, 78, 3, 4),
(2919, 1323, 84, 4, 2),
(2919, 1324, 48, 4, 4),
(2919, 1325, 85, 1, 2),
(2919, 1326, 48, 2, 2),
(2919, 1335, 63, 0, 8),
(2919, 1343, 81, 6, 4),
(2919, 1344, 48, 8, 10),
(2919, 1362, 84, 4, 6),
(2919, 1363, 75, 10, 4),
(2919, 1365, 61, 3, 6),
(2920, 1307, 48, 3, 12),
(2920, 1308, 48, 7, 8),
(2920, 1318, 48, 6, 2),
(2920, 1324, 48, 6, 10),
(2920, 1326, 48, 1, 6),
(2920, 1334, 84, 4, 2),
(2920, 1343, 81, 2, 4),
(2920, 1344, 48, 4, 14),
(2920, 1360, 63, 0, 1),
(2920, 1363, 75, 4, 2),
(2921, 1302, 84, 4, 2),
(2921, 1303, 84, 0, 4),
(2921, 1307, 48, 9, 14),
(2921, 1308, 48, 4, 0),
(2921, 1318, 48, 2, 0),
(2921, 1322, 78, 2, 2),
(2921, 1323, 84, 1, 6),
(2921, 1324, 48, 7, 4),
(2921, 1325, 85, 1, 5),
(2921, 1326, 48, 4, 8),
(2921, 1335, 63, 0, 4),
(2921, 1343, 81, 3, 12),
(2921, 1344, 48, 5, 12),
(2921, 1362, 84, 1, 1),
(2921, 1363, 75, 1, 12),
(2921, 1365, 61, 5, 8),
(2922, 1307, 48, 9, 8),
(2922, 1308, 48, 8, 8),
(2922, 1318, 48, 9, 4),
(2922, 1324, 48, 2, 6),
(2922, 1326, 48, 4, 4),
(2922, 1334, 84, 0, 5),
(2922, 1343, 81, 8, 10),
(2922, 1344, 48, 7, 6),
(2922, 1360, 63, 0, 9),
(2922, 1363, 75, 8, 4),
(2923, 1302, 84, 4, 5),
(2923, 1303, 84, 2, 2),
(2923, 1307, 48, 10, 8),
(2923, 1308, 48, 8, 12),
(2923, 1318, 48, 4, 10),
(2923, 1322, 78, 3, 0),
(2923, 1323, 84, 1, 0),
(2923, 1324, 48, 6, 4),
(2923, 1325, 85, 0, 6),
(2923, 1326, 48, 10, 4),
(2923, 1335, 63, 2, 4),
(2923, 1343, 81, 3, 2),
(2923, 1344, 48, 6, 10),
(2923, 1362, 84, 5, 6),
(2923, 1363, 75, 4, 12),
(2923, 1365, 61, 1, 8),
(2924, 1307, 48, 3, 8),
(2924, 1308, 48, 4, 2),
(2924, 1318, 48, 6, 4),
(2924, 1324, 48, 9, 4),
(2924, 1326, 48, 9, 2),
(2924, 1334, 84, 4, 4),
(2924, 1343, 81, 5, 4),
(2924, 1344, 48, 6, 0),
(2924, 1360, 63, 2, 2),
(2924, 1363, 75, 6, 10),
(2925, 1302, 84, 2, 0),
(2925, 1303, 84, 2, 5),
(2925, 1307, 48, 7, 4),
(2925, 1308, 48, 5, 0),
(2925, 1318, 48, 7, 12),
(2925, 1322, 78, 3, 7),
(2925, 1323, 84, 4, 0),
(2925, 1324, 48, 3, 10),
(2925, 1325, 85, 1, 0),
(2925, 1326, 48, 9, 4),
(2925, 1335, 63, 2, 3),
(2925, 1343, 81, 5, 12),
(2925, 1344, 48, 4, 8),
(2925, 1362, 84, 1, 5),
(2925, 1363, 75, 1, 8),
(2925, 1365, 61, 7, 6),
(2926, 1307, 48, 9, 12),
(2926, 1308, 48, 9, 12),
(2926, 1318, 48, 5, 10),
(2926, 1324, 48, 3, 2),
(2926, 1326, 48, 6, 0),
(2926, 1334, 84, 5, 1),
(2926, 1343, 81, 5, 14),
(2926, 1344, 48, 5, 2),
(2926, 1360, 63, 1, 4),
(2926, 1363, 75, 6, 6),
(2927, 1302, 84, 0, 0),
(2927, 1303, 84, 0, 5),
(2927, 1307, 48, 3, 14),
(2927, 1308, 48, 1, 0),
(2927, 1318, 48, 6, 0),
(2927, 1322, 78, 1, 1),
(2927, 1323, 84, 2, 6),
(2927, 1324, 48, 4, 14),
(2927, 1325, 85, 1, 9),
(2927, 1326, 48, 1, 4),
(2927, 1335, 63, 2, 10),
(2927, 1343, 81, 4, 2),
(2927, 1344, 48, 9, 0),
(2927, 1362, 84, 1, 0),
(2927, 1363, 75, 3, 8),
(2927, 1365, 61, 5, 4),
(2928, 1307, 48, 3, 10),
(2928, 1308, 48, 5, 2),
(2928, 1318, 48, 5, 2),
(2928, 1324, 48, 7, 8),
(2928, 1326, 48, 7, 0),
(2928, 1333, 85, 0, 10),
(2928, 1343, 81, 8, 8),
(2928, 1344, 48, 9, 14),
(2928, 1361, 63, 1, 0),
(2928, 1363, 75, 8, 2),
(2929, 1302, 84, 4, 0),
(2929, 1303, 84, 4, 0),
(2929, 1307, 48, 2, 2),
(2929, 1308, 48, 6, 12),
(2929, 1318, 48, 7, 0),
(2929, 1322, 78, 3, 5),
(2929, 1323, 84, 1, 2),
(2929, 1324, 48, 2, 4),
(2929, 1325, 85, 0, 7),
(2929, 1326, 48, 8, 2),
(2929, 1335, 63, 0, 2),
(2929, 1343, 81, 5, 2),
(2929, 1344, 48, 5, 14),
(2929, 1362, 84, 0, 6),
(2929, 1363, 75, 2, 8),
(2929, 1365, 61, 5, 0),
(2930, 1307, 48, 5, 0),
(2930, 1308, 48, 1, 2),
(2930, 1318, 48, 9, 14),
(2930, 1324, 48, 5, 14),
(2930, 1326, 48, 9, 10),
(2930, 1334, 84, 5, 6),
(2930, 1343, 81, 2, 0),
(2930, 1344, 48, 5, 6),
(2930, 1360, 63, 0, 0),
(2930, 1363, 75, 6, 2),
(2931, 1302, 84, 0, 5),
(2931, 1303, 84, 5, 5),
(2931, 1307, 48, 5, 10),
(2931, 1308, 48, 9, 6),
(2931, 1318, 48, 5, 6),
(2931, 1322, 78, 1, 3),
(2931, 1323, 84, 5, 1),
(2931, 1324, 48, 3, 6),
(2931, 1325, 85, 2, 1),
(2931, 1326, 48, 9, 6),
(2931, 1335, 63, 1, 9),
(2931, 1343, 81, 4, 10),
(2931, 1344, 48, 4, 0),
(2931, 1362, 84, 1, 4),
(2931, 1363, 75, 7, 4),
(2931, 1365, 61, 7, 2),
(2932, 1307, 48, 6, 8),
(2932, 1308, 48, 5, 14),
(2932, 1318, 48, 10, 8),
(2932, 1324, 48, 5, 8),
(2932, 1326, 48, 8, 4),
(2932, 1334, 84, 0, 0),
(2932, 1343, 81, 8, 12),
(2932, 1344, 48, 8, 0),
(2932, 1360, 63, 0, 3),
(2932, 1363, 75, 1, 14),
(2933, 1302, 84, 0, 2),
(2933, 1303, 84, 4, 5),
(2933, 1307, 48, 10, 10),
(2933, 1308, 48, 10, 4),
(2933, 1318, 48, 6, 12),
(2933, 1322, 78, 4, 2),
(2933, 1323, 84, 4, 6),
(2933, 1324, 48, 4, 2),
(2933, 1325, 85, 1, 7),
(2933, 1326, 48, 10, 2),
(2933, 1335, 63, 2, 9),
(2933, 1343, 81, 1, 10),
(2933, 1344, 48, 9, 10),
(2933, 1362, 84, 5, 4),
(2933, 1363, 75, 3, 6),
(2933, 1365, 61, 8, 2),
(2934, 1307, 48, 9, 10),
(2934, 1308, 48, 9, 8),
(2934, 1318, 48, 7, 4),
(2934, 1324, 48, 4, 8),
(2934, 1326, 48, 6, 14),
(2934, 1334, 84, 4, 6),
(2934, 1343, 81, 3, 0),
(2934, 1344, 48, 9, 6),
(2934, 1360, 63, 2, 9),
(2934, 1363, 75, 9, 0),
(2935, 1302, 84, 5, 5),
(2935, 1303, 84, 5, 0),
(2935, 1307, 48, 7, 2),
(2935, 1308, 48, 3, 12),
(2935, 1318, 48, 8, 0),
(2935, 1322, 78, 2, 5),
(2935, 1323, 84, 0, 1),
(2935, 1324, 48, 6, 8),
(2935, 1325, 85, 0, 3),
(2935, 1326, 48, 10, 10),
(2935, 1335, 63, 0, 1),
(2935, 1343, 81, 2, 2),
(2935, 1344, 48, 8, 12),
(2935, 1362, 84, 0, 0),
(2935, 1363, 75, 2, 2),
(2935, 1365, 61, 5, 6),
(2936, 1307, 48, 3, 4),
(2936, 1308, 48, 3, 2),
(2936, 1318, 48, 9, 10),
(2936, 1324, 48, 8, 12),
(2936, 1326, 48, 8, 12),
(2936, 1334, 84, 2, 1),
(2936, 1343, 81, 6, 8),
(2936, 1344, 48, 6, 2),
(2936, 1360, 63, 1, 9),
(2936, 1363, 75, 7, 8),
(2937, 1302, 84, 1, 2),
(2937, 1303, 84, 5, 2),
(2937, 1307, 48, 6, 10),
(2937, 1308, 48, 10, 12),
(2937, 1318, 48, 4, 4),
(2937, 1322, 78, 4, 0),
(2937, 1323, 84, 5, 2),
(2937, 1324, 48, 8, 14),
(2937, 1325, 85, 2, 2),
(2937, 1326, 48, 1, 0),
(2937, 1335, 63, 1, 2),
(2937, 1343, 81, 1, 6),
(2937, 1344, 48, 9, 2),
(2937, 1362, 84, 5, 1),
(2937, 1363, 75, 1, 0),
(2937, 1365, 61, 9, 4),
(2938, 1307, 48, 7, 12),
(2938, 1308, 48, 5, 4),
(2938, 1318, 48, 5, 4),
(2938, 1324, 48, 6, 14),
(2938, 1326, 48, 10, 0),
(2938, 1334, 84, 1, 4),
(2938, 1343, 81, 4, 0),
(2938, 1344, 48, 2, 14),
(2938, 1360, 63, 1, 6),
(2938, 1363, 75, 8, 14),
(2939, 1302, 84, 4, 1),
(2939, 1303, 84, 0, 2),
(2939, 1307, 48, 4, 10),
(2939, 1308, 48, 5, 12),
(2939, 1318, 48, 3, 4),
(2939, 1322, 78, 4, 3),
(2939, 1323, 84, 4, 5),
(2939, 1324, 48, 9, 0),
(2939, 1325, 85, 1, 6),
(2939, 1326, 48, 4, 14),
(2939, 1335, 63, 2, 0),
(2939, 1343, 81, 9, 2),
(2939, 1344, 48, 10, 2),
(2939, 1362, 84, 4, 0),
(2939, 1363, 75, 9, 10),
(2939, 1365, 61, 1, 6),
(2940, 1307, 48, 2, 0),
(2940, 1308, 48, 3, 14),
(2940, 1318, 48, 4, 2),
(2940, 1324, 48, 7, 14),
(2940, 1326, 48, 4, 6),
(2940, 1334, 84, 4, 5),
(2940, 1343, 81, 4, 12),
(2940, 1344, 48, 4, 2),
(2940, 1360, 63, 1, 3),
(2940, 1363, 75, 3, 4),
(2941, 1302, 84, 1, 0),
(2941, 1303, 84, 1, 5),
(2941, 1307, 48, 8, 6),
(2941, 1308, 48, 5, 8),
(2941, 1318, 48, 6, 6),
(2941, 1322, 78, 4, 4),
(2941, 1323, 84, 2, 4),
(2941, 1324, 48, 8, 4),
(2941, 1325, 85, 0, 5),
(2941, 1326, 48, 7, 4),
(2941, 1335, 63, 0, 10),
(2941, 1343, 81, 5, 0),
(2941, 1344, 48, 2, 2),
(2941, 1362, 84, 2, 2),
(2941, 1363, 75, 2, 14),
(2941, 1365, 61, 7, 4),
(2944, 1307, 48, 4, 2),
(2944, 1308, 48, 7, 0),
(2944, 1318, 48, 7, 10),
(2944, 1324, 48, 2, 12),
(2944, 1326, 48, 7, 6),
(2944, 1333, 85, 1, 8),
(2944, 1343, 81, 8, 2),
(2944, 1344, 48, 5, 4),
(2944, 1361, 63, 0, 6),
(2944, 1363, 75, 9, 4),
(2945, 1321, 71, 5, 0),
(2945, 1349, 61, 5, 4),
(2946, 1329, 48, 1, 0),
(2946, 1357, 48, 3, 4),
(2947, 1329, 48, 2, 0),
(2947, 1357, 48, 10, 4),
(2948, 1321, 71, 6, 4),
(2948, 1349, 61, 8, 2),
(2949, 1329, 48, 10, 2),
(2949, 1357, 48, 5, 8),
(2950, 1329, 48, 7, 8),
(2950, 1357, 48, 4, 6),
(2951, 1321, 71, 5, 4),
(2951, 1349, 61, 7, 6),
(2952, 1329, 48, 2, 4),
(2952, 1357, 48, 5, 6),
(2953, 1329, 48, 7, 6),
(2953, 1357, 48, 4, 4),
(2954, 1321, 71, 3, 4),
(2954, 1349, 61, 8, 6),
(2955, 1329, 48, 8, 10),
(2955, 1357, 48, 6, 12),
(2956, 1329, 48, 7, 0),
(2956, 1357, 48, 8, 14),
(2957, 1321, 71, 2, 4),
(2957, 1349, 61, 7, 2),
(2958, 1329, 48, 7, 14),
(2958, 1357, 48, 8, 12),
(2959, 1329, 48, 10, 4),
(2959, 1357, 48, 9, 6),
(2960, 1321, 71, 3, 0),
(2960, 1349, 61, 9, 8),
(2961, 1329, 48, 10, 10),
(2961, 1357, 48, 6, 6),
(2962, 1329, 48, 2, 6),
(2962, 1357, 48, 8, 8),
(2963, 1321, 71, 5, 2),
(2963, 1349, 61, 7, 8),
(2964, 1329, 48, 1, 14),
(2964, 1357, 48, 8, 6),
(2965, 1329, 48, 6, 14),
(2965, 1357, 48, 6, 14),
(2966, 1321, 71, 6, 2),
(2966, 1349, 61, 5, 8),
(2967, 1329, 48, 5, 6),
(2967, 1357, 48, 10, 8),
(2968, 1329, 48, 4, 0),
(2968, 1357, 48, 4, 14),
(2969, 1321, 71, 1, 6),
(2969, 1349, 61, 6, 6),
(2970, 1329, 48, 1, 1),
(2970, 1357, 48, 10, 2),
(2971, 1329, 48, 1, 2),
(2971, 1357, 48, 3, 8),
(2972, 1321, 71, 2, 6),
(2972, 1349, 61, 8, 8),
(2973, 1329, 48, 1, 10),
(2973, 1357, 48, 9, 4),
(2974, 1329, 48, 10, 6),
(2974, 1357, 48, 9, 12),
(2975, 1321, 71, 1, 4),
(2975, 1349, 61, 8, 4),
(2976, 1329, 48, 10, 8),
(2976, 1357, 48, 4, 10),
(2977, 1329, 48, 10, 14),
(2977, 1357, 48, 6, 10),
(2978, 1321, 71, 3, 2),
(2978, 1349, 61, 9, 4),
(2979, 1329, 48, 7, 4),
(2979, 1357, 48, 6, 8),
(2980, 1329, 48, 8, 0),
(2980, 1357, 48, 9, 14),
(2981, 1321, 71, 2, 2),
(2981, 1349, 61, 9, 6),
(2982, 1329, 48, 5, 4),
(2982, 1357, 48, 5, 10),
(2983, 1329, 48, 5, 2),
(2983, 1357, 48, 10, 6),
(2984, 1321, 71, 4, 4),
(2984, 1349, 61, 4, 4),
(2985, 1329, 48, 1, 4),
(2985, 1357, 48, 10, 14),
(2986, 1329, 48, 8, 8),
(2986, 1357, 48, 5, 0),
(2987, 1321, 71, 4, 0),
(2987, 1349, 61, 6, 8),
(2988, 1329, 48, 5, 14),
(2988, 1357, 48, 10, 10),
(2989, 1329, 48, 5, 12),
(2989, 1357, 48, 9, 10),
(2990, 1321, 71, 5, 6),
(2990, 1349, 61, 6, 4),
(2991, 1329, 48, 8, 6),
(2991, 1357, 48, 9, 8),
(2992, 1329, 48, 10, 0),
(2992, 1357, 48, 10, 12),
(2993, 1321, 71, 4, 2),
(2993, 1349, 61, 5, 6),
(2994, 1329, 48, 10, 12),
(2994, 1357, 48, 6, 4),
(2995, 1329, 48, 4, 2),
(2995, 1357, 48, 5, 12),
(2996, 1321, 71, 6, 6),
(2996, 1349, 61, 4, 8),
(2997, 1329, 48, 7, 2),
(2997, 1357, 48, 6, 2),
(2998, 1329, 48, 2, 8),
(2998, 1357, 48, 9, 2),
(2999, 1321, 71, 2, 0),
(2999, 1349, 61, 5, 2),
(3000, 1329, 48, 7, 12),
(3000, 1357, 48, 4, 2),
(3001, 1329, 48, 8, 2),
(3001, 1357, 48, 6, 0),
(3002, 1321, 71, 3, 6),
(3002, 1349, 61, 9, 2),
(3003, 1329, 48, 8, 14),
(3003, 1357, 48, 8, 2),
(3004, 1329, 48, 1, 12),
(3004, 1357, 48, 5, 2),
(3005, 1321, 71, 1, 2),
(3005, 1349, 61, 6, 2),
(3006, 1329, 48, 8, 4),
(3006, 1357, 48, 8, 0),
(3007, 1329, 48, 1, 8),
(3007, 1357, 48, 9, 0),
(3008, 1321, 71, 1, 0),
(3008, 1349, 61, 4, 6),
(3009, 1329, 48, 5, 10),
(3009, 1357, 48, 4, 0),
(3010, 1329, 48, 8, 12),
(3010, 1357, 48, 10, 0),
(3011, 1321, 71, 4, 6),
(3011, 1349, 61, 7, 4),
(3012, 1329, 48, 7, 10),
(3012, 1357, 48, 8, 10),
(3013, 1329, 48, 1, 6),
(3013, 1357, 48, 3, 6),
(3014, 1329, 48, 5, 8),
(3014, 1357, 48, 5, 14),
(3015, 1329, 48, 5, 0),
(3015, 1357, 48, 8, 4),
(3016, 1329, 48, 6, 12),
(3016, 1357, 48, 5, 4),
(3017, 1329, 48, 2, 2),
(3017, 1357, 48, 4, 12),
(3034, 1303, 84, 1, 0),
(3034, 1307, 48, 8, 0),
(3034, 1308, 48, 8, 14),
(3034, 1318, 48, 4, 8),
(3034, 1322, 78, 2, 1),
(3034, 1323, 84, 5, 4),
(3034, 1324, 48, 2, 14),
(3034, 1325, 85, 2, 6),
(3034, 1326, 48, 3, 6),
(3034, 1335, 63, 2, 6),
(3034, 1343, 81, 3, 8),
(3034, 1344, 48, 8, 8),
(3034, 1362, 84, 2, 0),
(3034, 1363, 75, 6, 0),
(3034, 1365, 61, 9, 8);

-- --------------------------------------------------------

--
-- Structure de la table `plan`
--

CREATE TABLE `plan` (
  `id_plan` int(10) UNSIGNED NOT NULL,
  `donnee` text NOT NULL
) ENGINE=InnoDB DEFAULT CHARSET=utf8mb4 COLLATE=utf8mb4_general_ci;

--
-- Déchargement des données de la table `plan`
--

INSERT INTO `plan` (`id_plan`, `donnee`) VALUES
(44, '31011111013-11011111011-11011111011-11011111011-11011111011-11011111011-11011111011-11011111011-11011111011-'),
(47, '333333333333333-111111111111111-111111111111111-111111111111111-111111111111111-111111111111111-111111111111111-111111111111111-111111111111111-111111111111111-111111111111111-'),
(48, '333333333333333-111111111111111-111111111111111-111111111111111-111111111111111-111111111111111-111111111111111-111111111111111-111111111111111-111111111111111-111111111111111-'),
(60, '301111111-101111111-101111111-101111111-101111111-101111111-101111111-101111111-101111111-101111111-'),
(61, '111113303-111113303-111111101-111111101-111111101-111111101-111111101-111111101-111111101-111111101-'),
(62, '11111011111-11111011111-11111011111-'),
(68, '111110311111111111011111-111110311111111111011111-111110111111111111011111-311110111111111111011113-311110111111111111011113-311110111111111111011113-311110311111111113011113-311110331111111113011113-311110331111111113011113-311110331111111133011113-311130331111111133011113-333330333331333333011113-'),
(69, '11111111-11111111-11111111-11111111-11111111-11111111-11111111-'),
(73, '11111111-11111111-11111111-11111111-11111111-'),
(74, '111101111-111101111-111101111-111101111-'),
(75, '111101111-111101111-111101111-111101111-'),
(76, '111111111111111-111111111111111-111111111111111-111111111111111-111111111111111-111111111111111-111111111111111-111111111111111-111111111111111-111111111111111-'),
(78, '1110111-1110111-1110111-0000000-1110111-1110111-'),
(79, '11110111111-11110111111-11110111111-'),
(80, '11110111-11110111-11330333-');

-- --------------------------------------------------------

--
-- Structure de la table `promotion`
--

CREATE TABLE `promotion` (
  `id_promo` int(10) UNSIGNED NOT NULL,
  `nom_promo` varchar(50) NOT NULL,
  `annee` int(11) DEFAULT NULL,
  `id_dpt` int(10) UNSIGNED NOT NULL
) ENGINE=InnoDB DEFAULT CHARSET=utf8mb4 COLLATE=utf8mb4_general_ci;

--
-- Déchargement des données de la table `promotion`
--

INSERT INTO `promotion` (`id_promo`, `nom_promo`, `annee`, `id_dpt`) VALUES
(88, 'BUT2', 2025, 2),
(89, 'BUT3', 2025, 2),
(90, 'BUT2 Passerelle', 2025, 2),
(92, 'BUT1', 2025, 2);

-- --------------------------------------------------------

--
-- Structure de la table `salle`
--

CREATE TABLE `salle` (
  `id_salle` int(10) UNSIGNED NOT NULL,
  `nom_salle` varchar(50) NOT NULL,
  `etage` tinyint(4) DEFAULT 0,
  `id_bat` int(10) UNSIGNED NOT NULL,
  `id_dpt` int(10) UNSIGNED NOT NULL,
  `id_plan` int(10) UNSIGNED NOT NULL,
  `capacite` int(10) UNSIGNED NOT NULL,
  `intercal` tinyint(1) DEFAULT 1
) ENGINE=InnoDB DEFAULT CHARSET=utf8mb4 COLLATE=utf8mb4_general_ci;

--
-- Déchargement des données de la table `salle`
--

INSERT INTO `salle` (`id_salle`, `nom_salle`, `etage`, `id_bat`, `id_dpt`, `id_plan`, `capacite`, `intercal`) VALUES
(48, 'Amphi B (1sur2)', 0, 3, 2, 48, 150, 1),
(61, 'F06', 0, 3, 2, 60, 79, 1),
(63, 'F36', 3, 3, 2, 62, 30, 0),
(70, 'Amphi 3', 0, 2, 2, 68, 212, 1),
(71, 'B09', 0, 3, 2, 69, 56, 1),
(74, 'Amphi 2', 0, 2, 2, 68, 212, 1),
(75, 'Amphi B', 0, 3, 2, 47, 150, 0),
(76, 'F01', 0, 3, 2, 61, 74, 1),
(78, 'E36', 3, 3, 2, 73, 40, 1),
(79, 'E23', 2, 3, 2, 74, 32, 1),
(80, 'E23 - tout', 2, 3, 2, 75, 32, 0),
(81, 'Amphi A', 0, 3, 2, 76, 150, 1),
(82, 'Amphi A (1sur2)', 0, 3, 2, 48, 150, 1),
(84, 'F33', 3, 3, 2, 78, 30, 1),
(85, 'E37', 3, 3, 2, 79, 30, 1),
(86, 'F39', 3, 3, 2, 80, 16, 1);

-- --------------------------------------------------------

--
-- Structure de la table `surveille`
--

CREATE TABLE `surveille` (
  `id_ens` int(10) UNSIGNED NOT NULL,
  `id_devoir` int(10) UNSIGNED NOT NULL,
  `id_salle` int(10) UNSIGNED NOT NULL
) ENGINE=InnoDB DEFAULT CHARSET=utf8mb4 COLLATE=utf8mb4_general_ci;

--
-- Index pour les tables déchargées
--

--
-- Index pour la table `batiment`
--
ALTER TABLE `batiment`
  ADD PRIMARY KEY (`id_bat`);

--
-- Index pour la table `departement`
--
ALTER TABLE `departement`
  ADD PRIMARY KEY (`id_dpt`);

--
-- Index pour la table `devoir`
--
ALTER TABLE `devoir`
  ADD PRIMARY KEY (`id_devoir`),
  ADD KEY `fk_v2_dev_mat` (`id_mat`),
  ADD KEY `idx_devoir_date` (`date_devoir`);

--
-- Index pour la table `devoir_groupe`
--
ALTER TABLE `devoir_groupe`
  ADD PRIMARY KEY (`id_devoir`,`id_groupe`),
  ADD KEY `fk_v2_dg_grp` (`id_groupe`);

--
-- Index pour la table `devoir_promo`
--
ALTER TABLE `devoir_promo`
  ADD PRIMARY KEY (`id_devoir`,`id_promo`),
  ADD KEY `fk_v2_dp_promo` (`id_promo`);

--
-- Index pour la table `devoir_salle`
--
ALTER TABLE `devoir_salle`
  ADD PRIMARY KEY (`id_devoir`,`id_salle`),
  ADD KEY `fk_v2_ds_salle` (`id_salle`);

--
-- Index pour la table `enseignant`
--
ALTER TABLE `enseignant`
  ADD PRIMARY KEY (`id_ens`),
  ADD UNIQUE KEY `login` (`login`);

--
-- Index pour la table `enseigne`
--
ALTER TABLE `enseigne`
  ADD PRIMARY KEY (`id_mat`,`id_ens`),
  ADD KEY `fk_v2_ensg_ens` (`id_ens`);

--
-- Index pour la table `etudiant`
--
ALTER TABLE `etudiant`
  ADD PRIMARY KEY (`id_etudiant`),
  ADD KEY `fk_v2_etu_grp` (`id_groupe`),
  ADD KEY `idx_etudiant_nom` (`nom_etudiant`,`prenom_etudiant`);

--
-- Index pour la table `groupe`
--
ALTER TABLE `groupe`
  ADD PRIMARY KEY (`id_groupe`),
  ADD KEY `fk_v2_grp_promo` (`id_promo`);

--
-- Index pour la table `matiere`
--
ALTER TABLE `matiere`
  ADD PRIMARY KEY (`id_mat`),
  ADD KEY `fk_v2_mat_promo` (`id_promo`);

--
-- Index pour la table `placement`
--
ALTER TABLE `placement`
  ADD PRIMARY KEY (`id_etudiant`,`id_devoir`),
  ADD KEY `fk_v2_plac_dev` (`id_devoir`),
  ADD KEY `idx_placement_salle_devoir` (`id_salle`,`id_devoir`);

--
-- Index pour la table `plan`
--
ALTER TABLE `plan`
  ADD PRIMARY KEY (`id_plan`);

--
-- Index pour la table `promotion`
--
ALTER TABLE `promotion`
  ADD PRIMARY KEY (`id_promo`),
  ADD KEY `fk_v2_promo_dpt` (`id_dpt`);

--
-- Index pour la table `salle`
--
ALTER TABLE `salle`
  ADD PRIMARY KEY (`id_salle`),
  ADD KEY `fk_v2_salle_bat` (`id_bat`),
  ADD KEY `fk_v2_salle_dpt` (`id_dpt`),
  ADD KEY `fk_v2_salle_plan` (`id_plan`);

--
-- Index pour la table `surveille`
--
ALTER TABLE `surveille`
  ADD PRIMARY KEY (`id_ens`,`id_devoir`),
  ADD KEY `fk_v2_surv_dev` (`id_devoir`),
  ADD KEY `fk_v2_surv_salle` (`id_salle`);

--
-- AUTO_INCREMENT pour les tables déchargées
--

--
-- AUTO_INCREMENT pour la table `batiment`
--
ALTER TABLE `batiment`
  MODIFY `id_bat` int(10) UNSIGNED NOT NULL AUTO_INCREMENT, AUTO_INCREMENT=4;

--
-- AUTO_INCREMENT pour la table `departement`
--
ALTER TABLE `departement`
  MODIFY `id_dpt` int(10) UNSIGNED NOT NULL AUTO_INCREMENT, AUTO_INCREMENT=4;

--
-- AUTO_INCREMENT pour la table `devoir`
--
ALTER TABLE `devoir`
  MODIFY `id_devoir` int(10) UNSIGNED NOT NULL AUTO_INCREMENT, AUTO_INCREMENT=1366;

--
-- AUTO_INCREMENT pour la table `enseignant`
--
ALTER TABLE `enseignant`
  MODIFY `id_ens` int(10) UNSIGNED NOT NULL AUTO_INCREMENT, AUTO_INCREMENT=41;

--
-- AUTO_INCREMENT pour la table `etudiant`
--
ALTER TABLE `etudiant`
  MODIFY `id_etudiant` int(10) UNSIGNED NOT NULL AUTO_INCREMENT, AUTO_INCREMENT=3035;

--
-- AUTO_INCREMENT pour la table `groupe`
--
ALTER TABLE `groupe`
  MODIFY `id_groupe` int(10) UNSIGNED NOT NULL AUTO_INCREMENT, AUTO_INCREMENT=6731;

--
-- AUTO_INCREMENT pour la table `matiere`
--
ALTER TABLE `matiere`
  MODIFY `id_mat` int(10) UNSIGNED NOT NULL AUTO_INCREMENT, AUTO_INCREMENT=242;

--
-- AUTO_INCREMENT pour la table `plan`
--
ALTER TABLE `plan`
  MODIFY `id_plan` int(10) UNSIGNED NOT NULL AUTO_INCREMENT, AUTO_INCREMENT=81;

--
-- AUTO_INCREMENT pour la table `promotion`
--
ALTER TABLE `promotion`
  MODIFY `id_promo` int(10) UNSIGNED NOT NULL AUTO_INCREMENT, AUTO_INCREMENT=93;

--
-- AUTO_INCREMENT pour la table `salle`
--
ALTER TABLE `salle`
  MODIFY `id_salle` int(10) UNSIGNED NOT NULL AUTO_INCREMENT, AUTO_INCREMENT=87;

--
-- Contraintes pour les tables déchargées
--

--
-- Contraintes pour la table `devoir`
--
ALTER TABLE `devoir`
  ADD CONSTRAINT `fk_v2_dev_mat` FOREIGN KEY (`id_mat`) REFERENCES `matiere` (`id_mat`) ON DELETE SET NULL ON UPDATE CASCADE;

--
-- Contraintes pour la table `devoir_groupe`
--
ALTER TABLE `devoir_groupe`
  ADD CONSTRAINT `fk_v2_dg_dev` FOREIGN KEY (`id_devoir`) REFERENCES `devoir` (`id_devoir`) ON DELETE CASCADE ON UPDATE CASCADE,
  ADD CONSTRAINT `fk_v2_dg_grp` FOREIGN KEY (`id_groupe`) REFERENCES `groupe` (`id_groupe`) ON DELETE CASCADE ON UPDATE CASCADE;

--
-- Contraintes pour la table `devoir_promo`
--
ALTER TABLE `devoir_promo`
  ADD CONSTRAINT `fk_v2_dp_dev` FOREIGN KEY (`id_devoir`) REFERENCES `devoir` (`id_devoir`) ON DELETE CASCADE ON UPDATE CASCADE,
  ADD CONSTRAINT `fk_v2_dp_promo` FOREIGN KEY (`id_promo`) REFERENCES `promotion` (`id_promo`) ON DELETE CASCADE ON UPDATE CASCADE;

--
-- Contraintes pour la table `devoir_salle`
--
ALTER TABLE `devoir_salle`
  ADD CONSTRAINT `fk_v2_ds_dev` FOREIGN KEY (`id_devoir`) REFERENCES `devoir` (`id_devoir`) ON DELETE CASCADE ON UPDATE CASCADE,
  ADD CONSTRAINT `fk_v2_ds_salle` FOREIGN KEY (`id_salle`) REFERENCES `salle` (`id_salle`) ON DELETE CASCADE ON UPDATE CASCADE;

--
-- Contraintes pour la table `enseigne`
--
ALTER TABLE `enseigne`
  ADD CONSTRAINT `fk_v2_ensg_ens` FOREIGN KEY (`id_ens`) REFERENCES `enseignant` (`id_ens`) ON DELETE CASCADE ON UPDATE CASCADE,
  ADD CONSTRAINT `fk_v2_ensg_mat` FOREIGN KEY (`id_mat`) REFERENCES `matiere` (`id_mat`) ON DELETE CASCADE ON UPDATE CASCADE;

--
-- Contraintes pour la table `etudiant`
--
ALTER TABLE `etudiant`
  ADD CONSTRAINT `fk_v2_etu_grp` FOREIGN KEY (`id_groupe`) REFERENCES `groupe` (`id_groupe`) ON DELETE CASCADE ON UPDATE CASCADE;

--
-- Contraintes pour la table `groupe`
--
ALTER TABLE `groupe`
  ADD CONSTRAINT `fk_v2_grp_promo` FOREIGN KEY (`id_promo`) REFERENCES `promotion` (`id_promo`) ON DELETE CASCADE ON UPDATE CASCADE;

--
-- Contraintes pour la table `matiere`
--
ALTER TABLE `matiere`
  ADD CONSTRAINT `fk_v2_mat_promo` FOREIGN KEY (`id_promo`) REFERENCES `promotion` (`id_promo`) ON DELETE CASCADE ON UPDATE CASCADE;

--
-- Contraintes pour la table `placement`
--
ALTER TABLE `placement`
  ADD CONSTRAINT `fk_v2_plac_dev` FOREIGN KEY (`id_devoir`) REFERENCES `devoir` (`id_devoir`) ON DELETE CASCADE ON UPDATE CASCADE,
  ADD CONSTRAINT `fk_v2_plac_etu` FOREIGN KEY (`id_etudiant`) REFERENCES `etudiant` (`id_etudiant`) ON DELETE CASCADE ON UPDATE CASCADE,
  ADD CONSTRAINT `fk_v2_plac_salle` FOREIGN KEY (`id_salle`) REFERENCES `salle` (`id_salle`) ON DELETE CASCADE ON UPDATE CASCADE;

--
-- Contraintes pour la table `promotion`
--
ALTER TABLE `promotion`
  ADD CONSTRAINT `fk_v2_promo_dpt` FOREIGN KEY (`id_dpt`) REFERENCES `departement` (`id_dpt`) ON DELETE CASCADE ON UPDATE CASCADE;

--
-- Contraintes pour la table `salle`
--
ALTER TABLE `salle`
  ADD CONSTRAINT `fk_v2_salle_bat` FOREIGN KEY (`id_bat`) REFERENCES `batiment` (`id_bat`) ON UPDATE CASCADE,
  ADD CONSTRAINT `fk_v2_salle_dpt` FOREIGN KEY (`id_dpt`) REFERENCES `departement` (`id_dpt`) ON UPDATE CASCADE,
  ADD CONSTRAINT `fk_v2_salle_plan` FOREIGN KEY (`id_plan`) REFERENCES `plan` (`id_plan`) ON UPDATE CASCADE;

--
-- Contraintes pour la table `surveille`
--
ALTER TABLE `surveille`
  ADD CONSTRAINT `fk_v2_surv_dev` FOREIGN KEY (`id_devoir`) REFERENCES `devoir` (`id_devoir`) ON DELETE CASCADE ON UPDATE CASCADE,
  ADD CONSTRAINT `fk_v2_surv_ens` FOREIGN KEY (`id_ens`) REFERENCES `enseignant` (`id_ens`) ON DELETE CASCADE ON UPDATE CASCADE,
  ADD CONSTRAINT `fk_v2_surv_salle` FOREIGN KEY (`id_salle`) REFERENCES `salle` (`id_salle`) ON DELETE CASCADE ON UPDATE CASCADE;
COMMIT;

/*!40101 SET CHARACTER_SET_CLIENT=@OLD_CHARACTER_SET_CLIENT */;
/*!40101 SET CHARACTER_SET_RESULTS=@OLD_CHARACTER_SET_RESULTS */;
/*!40101 SET COLLATION_CONNECTION=@OLD_COLLATION_CONNECTION */;
