-- phpMyAdmin SQL Dump
-- version 5.2.1
-- https://www.phpmyadmin.net/
--
-- Hôte : devbdd.iutmetz.univ-lorraine.fr
-- Généré le : jeu. 26 mars 2026 à 19:53
-- Version du serveur : 10.3.39-MariaDB
-- Version de PHP : 8.2.20

SET SQL_MODE = "NO_AUTO_VALUE_ON_ZERO";
START TRANSACTION;
SET time_zone = "+00:00";


/*!40101 SET @OLD_CHARACTER_SET_CLIENT=@@CHARACTER_SET_CLIENT */;
/*!40101 SET @OLD_CHARACTER_SET_RESULTS=@@CHARACTER_SET_RESULTS */;
/*!40101 SET @OLD_COLLATION_CONNECTION=@@COLLATION_CONNECTION */;
/*!40101 SET NAMES utf8mb4 */;

--
-- Base de données : `e40250u_sae401`
--

-- --------------------------------------------------------

--
-- Structure de la table `batiment`
--

CREATE TABLE `batiment` (
  `id_bat` int(10) UNSIGNED NOT NULL,
  `nom_bat` varchar(50) NOT NULL,
  `ad_bat` varchar(100) NOT NULL
) ENGINE=InnoDB DEFAULT CHARSET=utf8mb4 COLLATE=utf8mb4_general_ci;

--
-- Déchargement des données de la table `batiment`
--

INSERT INTO `batiment` (`id_bat`, `nom_bat`, `ad_bat`) VALUES
(2, 'Lettres et Langues', 'Saulcy'),
(3, 'IUT de Metz', 'Saulcy');

-- --------------------------------------------------------

--
-- Structure de la table `departement`
--

CREATE TABLE `departement` (
  `id_dpt` int(10) UNSIGNED NOT NULL,
  `nom_dpt` varchar(50) NOT NULL
) ENGINE=InnoDB DEFAULT CHARSET=utf8mb4 COLLATE=utf8mb4_general_ci;

--
-- Déchargement des données de la table `departement`
--

INSERT INTO `departement` (`id_dpt`, `nom_dpt`) VALUES
(2, 'INFO'),
(3, 'SD');

-- --------------------------------------------------------

--
-- Structure de la table `devoir`
--

CREATE TABLE `devoir` (
  `id_devoir` int(10) UNSIGNED NOT NULL,
  `nom_devoir` varchar(100) NOT NULL,
  `date_devoir` date NOT NULL,
  `heure_devoir` time NOT NULL,
  `duree_devoir` time NOT NULL,
  `id_mat` int(10) UNSIGNED DEFAULT NULL
) ENGINE=InnoDB DEFAULT CHARSET=utf8mb4 COLLATE=utf8mb4_general_ci;

--
-- Déchargement des données de la table `devoir`
--

INSERT INTO `devoir` (`id_devoir`, `nom_devoir`, `date_devoir`, `heure_devoir`, `duree_devoir`, `id_mat`) VALUES
(44, 'ModSI', '2012-02-06', '13:45:00', '01:30:00', NULL),
(45, 'essai', '2012-02-06', '13:30:00', '01:30:00', NULL),
(46, 'toto', '2012-02-06', '13:00:00', '02:00:00', NULL),
(47, 'toto', '2012-02-06', '13:00:00', '02:00:00', NULL),
(48, 'toto', '2012-02-06', '13:00:00', '02:00:00', NULL),
(49, 'toto', '2012-02-06', '13:00:00', '02:00:00', NULL),
(50, 'ModSI', '2012-02-06', '13:45:00', '01:30:00', NULL),
(51, 'ModSI', '2012-02-06', '13:45:00', '01:30:00', NULL),
(52, 'sdfsdf', '2012-02-21', '14:00:00', '01:00:00', NULL),
(53, 'Mod SI', '2012-02-06', '13:45:00', '01:45:00', NULL),
(54, 'bfghffdgddd', '2012-02-24', '09:00:00', '02:00:00', NULL),
(55, 'bfghffdgddd', '2012-02-24', '09:00:00', '02:00:00', NULL),
(56, 'essai', '2012-02-13', '13:00:00', '02:00:00', NULL),
(57, 'bbb', '2012-02-14', '08:00:00', '02:00:00', NULL),
(58, 'ModSI', '2012-02-06', '13:45:00', '01:30:00', NULL),
(59, 'essai', '2012-02-21', '09:00:00', '01:00:00', NULL),
(60, 'sdgdg', '2012-02-13', '09:00:00', '01:00:00', NULL),
(61, 'toto', '2012-02-01', '10:00:00', '01:00:00', NULL),
(63, 'dsddd', '2012-02-20', '11:00:00', '02:00:00', NULL),
(64, 'bcfbcvb', '2012-02-13', '13:00:00', '02:00:00', NULL),
(65, 'Toto', '2012-02-13', '10:00:00', '02:00:00', NULL),
(66, 'gfhghghf', '2012-02-14', '09:00:00', '01:30:00', NULL),
(67, 'Essai', '2012-02-16', '10:00:00', '01:30:00', NULL),
(68, 'toto', '2012-02-22', '09:00:00', '01:00:00', NULL),
(69, 'Essai', '2012-02-15', '09:00:00', '02:00:00', NULL),
(70, 'Toto', '2012-02-23', '10:00:00', '02:00:00', NULL),
(71, 'sfds', '2012-02-23', '09:00:00', '01:00:00', NULL),
(72, 'mélange', '2012-02-23', '09:00:00', '01:30:00', NULL),
(73, 'sfsd', '2012-02-21', '10:00:00', '01:00:00', NULL),
(74, 'Michel', '2012-02-22', '08:00:00', '01:30:00', NULL),
(75, 'dddd', '2012-02-22', '08:00:00', '02:00:00', NULL),
(76, 'sddssfd', '2012-02-13', '09:00:00', '01:00:00', NULL),
(77, 'sddfsdfs', '2012-02-22', '08:00:00', '01:00:00', NULL),
(78, 'zeezerz', '2012-02-06', '09:00:00', '01:00:00', NULL),
(79, 'qzsdqsqdsdq', '2012-02-22', '09:00:00', '01:00:00', NULL),
(80, 'dfssdf', '2012-02-14', '09:15:00', '03:00:00', NULL),
(81, 'sqdsqdsqdsq', '2012-02-14', '09:00:00', '01:00:00', NULL),
(82, 'qxqx', '2012-02-15', '09:00:00', '01:00:00', NULL),
(83, 'dsfdfsfsd', '2012-02-14', '09:00:00', '01:00:00', NULL),
(84, 'zezeerz', '2012-02-22', '09:00:00', '01:00:00', NULL),
(85, 'sfdsfd', '2012-02-14', '09:00:00', '02:00:00', NULL),
(86, 'dsdssd', '2012-02-15', '10:00:00', '01:00:00', NULL),
(87, 'Test', '2012-02-01', '08:00:00', '01:00:00', NULL),
(89, 'ddd', '2012-02-22', '11:00:00', '01:00:00', NULL),
(90, 'jdjd', '2012-02-14', '09:00:00', '01:00:00', NULL),
(91, 'je ne sais quoi', '2012-02-22', '10:00:00', '01:00:00', NULL),
(92, 'dsdsfdfs', '2012-02-14', '09:00:00', '01:00:00', NULL),
(93, 'Mod SI', '2012-02-15', '09:00:00', '01:00:00', NULL),
(94, 'Mod SI', '2012-02-15', '09:00:00', '01:00:00', NULL),
(95, 'Mod SI', '2012-02-15', '09:00:00', '01:00:00', NULL),
(96, 'Mod SI', '2012-02-15', '09:00:00', '01:00:00', NULL),
(97, 'ree', '2012-02-22', '08:00:00', '02:00:00', NULL),
(98, 'bdd', '2012-02-23', '09:00:00', '02:00:00', NULL),
(99, 'bdd', '2012-03-22', '08:00:00', '02:00:00', NULL),
(100, 'dfgfd', '2012-03-14', '09:00:00', '01:00:00', NULL),
(101, 'fff', '2012-03-22', '08:00:00', '01:00:00', NULL),
(102, 'fff', '2012-03-22', '08:00:00', '01:00:00', NULL),
(103, 'sdfsdfsdf', '2012-03-12', '09:00:00', '02:00:00', NULL),
(104, 'qsfqsfsdf', '2012-03-20', '10:00:00', '03:00:00', NULL),
(105, 'bdd', '2012-03-22', '08:00:00', '01:00:00', NULL),
(106, 'bbbbbb', '2012-03-22', '09:00:00', '01:00:00', NULL),
(107, 'bbbbbb', '2012-03-22', '09:00:00', '01:00:00', NULL),
(108, 'bbbbbb', '2012-03-22', '09:00:00', '01:00:00', NULL),
(109, 'bbbbbb', '2012-03-22', '09:00:00', '01:00:00', NULL),
(110, 'toto', '2012-03-28', '09:00:00', '01:00:00', NULL),
(111, 'dfsdf', '2012-03-21', '10:00:00', '03:00:00', NULL),
(112, 'fff', '2012-03-20', '09:00:00', '01:00:00', NULL),
(113, 'ddd', '2012-03-13', '11:00:00', '01:00:00', NULL),
(114, 'ddd', '2012-03-19', '08:00:00', '01:00:00', NULL),
(115, 'tttt', '2012-03-12', '09:00:00', '01:00:00', NULL),
(116, 'toto', '2012-03-20', '09:00:00', '01:00:00', NULL),
(117, 'toto', '2012-03-20', '09:00:00', '01:00:00', NULL),
(118, 'toto', '2012-03-20', '09:00:00', '01:00:00', NULL),
(119, 'toto', '2012-03-13', '10:00:00', '01:00:00', NULL),
(120, 'nouveau', '2012-03-21', '12:00:00', '01:00:00', NULL),
(121, 'toto', '2012-03-28', '10:00:00', '01:00:00', NULL),
(122, 'ddd', '2012-03-21', '10:00:00', '01:00:00', NULL),
(123, 'efsdff', '2012-03-13', '10:00:00', '01:00:00', NULL),
(124, 'dd', '2012-03-26', '09:00:00', '01:00:00', NULL),
(125, 'fff', '2012-03-21', '10:00:00', '01:00:00', NULL),
(126, 'ccc', '2012-03-13', '11:00:00', '00:30:00', NULL),
(127, 'gfgf', '2012-03-21', '10:00:00', '01:00:00', NULL),
(128, 'ddd', '2012-03-28', '10:00:00', '01:00:00', NULL),
(129, 'dddd', '2012-03-28', '11:00:00', '01:00:00', NULL),
(130, 'sss', '2012-03-27', '14:00:00', '01:00:00', NULL),
(131, 'ddd', '2012-03-12', '10:00:00', '01:00:00', NULL),
(132, 'ddd', '2012-03-20', '10:00:00', '01:00:00', NULL),
(133, 'sss', '2012-03-27', '08:00:00', '02:00:00', NULL),
(134, 'ddd', '2012-03-20', '08:00:00', '02:00:00', NULL),
(135, 'ddd', '2012-03-13', '09:00:00', '01:00:00', NULL),
(136, 'fff', '2012-03-13', '09:00:00', '01:00:00', NULL),
(137, 'essai', '2012-03-14', '12:00:00', '02:00:00', NULL),
(138, 'klnk', '2012-03-06', '10:00:00', '01:00:00', NULL),
(139, 'sss', '2012-03-14', '09:00:00', '01:00:00', NULL),
(140, 'dddd', '2012-03-13', '10:00:00', '02:00:00', NULL),
(141, 'dd', '2012-03-14', '10:00:00', '01:00:00', NULL),
(142, 'fff', '2012-03-19', '11:00:00', '03:00:00', NULL),
(143, 'sss', '2012-03-05', '08:00:00', '01:00:00', NULL),
(144, 'ddd', '2012-03-05', '10:00:00', '00:30:00', NULL),
(145, 'jjj', '2012-03-13', '11:00:00', '01:00:00', NULL),
(146, 'tttt', '2012-03-14', '08:00:00', '02:00:00', NULL),
(147, 'jkjj', '2012-03-12', '10:00:00', '01:00:00', NULL),
(148, 'ddd', '2012-03-20', '10:00:00', '01:00:00', NULL),
(149, 'ddd', '2012-03-21', '10:00:00', '02:00:00', NULL),
(150, 'xxx', '2012-03-14', '10:00:00', '01:00:00', NULL),
(151, 'fff', '2012-03-22', '08:00:00', '02:00:00', NULL),
(152, 'fff', '2012-03-06', '11:00:00', '01:00:00', NULL),
(153, 'fff', '2012-03-06', '11:00:00', '01:00:00', NULL),
(154, 'ffff', '2012-03-07', '10:00:00', '01:00:00', NULL),
(156, 'eee', '2012-03-12', '09:00:00', '01:00:00', NULL),
(157, 'eee', '2012-03-27', '11:00:00', '02:00:00', NULL),
(158, 'dddd', '2012-03-20', '11:00:00', '01:15:00', NULL),
(159, 'xcxx', '2012-03-13', '08:00:00', '01:00:00', NULL),
(160, 'fff', '2012-03-06', '09:00:00', '01:00:00', NULL),
(161, 'bbb', '2012-03-14', '10:00:00', '01:00:00', NULL),
(162, 'dev', '2012-03-29', '08:00:00', '02:00:00', NULL),
(163, 'toto', '2012-03-28', '08:00:00', '02:00:00', NULL),
(164, 'essai', '2012-03-21', '09:00:00', '01:00:00', NULL),
(165, 'Grandmougin', '2012-03-08', '08:15:00', '01:00:00', NULL),
(166, 'ttt', '2012-03-20', '08:00:00', '01:00:00', NULL),
(167, 'ttt', '2012-03-20', '08:00:00', '01:00:00', NULL),
(169, 'rrr', '2012-03-21', '09:00:00', '01:00:00', NULL),
(170, 'fff', '2012-03-20', '10:00:00', '01:00:00', NULL),
(171, 'fff', '2012-03-20', '10:00:00', '01:00:00', NULL),
(172, 'michel', '2012-03-20', '09:00:00', '01:00:00', NULL),
(173, 'toto', '2012-03-28', '08:00:00', '01:00:00', NULL),
(174, 'fff', '2012-03-21', '09:00:00', '01:00:00', NULL),
(175, 'toto', '2012-03-28', '08:00:00', '01:00:00', NULL),
(176, 'ee', '2012-03-20', '12:00:00', '01:00:00', NULL),
(177, 'gg', '2012-03-06', '10:00:00', '01:00:00', NULL),
(178, 'ggg', '2012-03-20', '09:00:00', '01:00:00', NULL),
(179, 'ddd', '2012-03-13', '09:00:00', '01:00:00', NULL),
(180, 'vvv', '2012-03-21', '08:00:00', '01:00:00', NULL),
(181, 'essai', '2012-03-28', '08:00:00', '02:00:00', NULL),
(182, 'ddd', '2012-03-20', '10:00:00', '01:00:00', NULL),
(183, 'ff', '2012-03-28', '09:00:00', '01:00:00', NULL),
(184, 'dd', '2012-03-13', '09:00:00', '01:00:00', NULL),
(186, 'ddd', '2012-03-20', '10:00:00', '01:00:00', NULL),
(187, 'ddd', '2012-03-20', '10:00:00', '01:00:00', NULL),
(188, 'ff', '2012-03-22', '09:00:00', '01:00:00', NULL),
(189, 'sert à rien', '2012-03-28', '09:00:00', '01:00:00', NULL),
(190, 'toto', '2012-03-20', '11:00:00', '01:00:00', NULL),
(191, 'gg', '2012-03-27', '08:00:00', '01:00:00', NULL),
(192, 'dfff', '2012-03-27', '08:00:00', '02:00:00', NULL),
(193, 'nnn', '2012-03-21', '09:00:00', '01:00:00', NULL),
(194, 'dd', '2012-03-12', '09:00:00', '01:00:00', NULL),
(195, 'ccc', '2012-03-13', '08:00:00', '01:00:00', NULL),
(196, 'ffff', '2012-03-20', '10:00:00', '01:00:00', NULL),
(197, 'dd', '2012-03-06', '09:00:00', '01:00:00', NULL),
(198, 'nnn', '2012-03-19', '10:00:00', '01:00:00', NULL),
(199, 'bb', '2012-03-20', '08:00:00', '01:00:00', NULL),
(200, 'bb', '2012-03-12', '09:00:00', '01:00:00', NULL),
(201, 'hhh', '2012-03-27', '09:00:00', '01:00:00', NULL),
(202, 'lll', '2012-03-28', '09:00:00', '01:00:00', NULL),
(203, 'mmm', '2012-03-20', '10:00:00', '01:00:00', NULL),
(204, 'kkk', '2012-03-28', '09:00:00', '01:00:00', NULL),
(205, 'klk', '2012-03-28', '11:00:00', '01:00:00', NULL),
(206, 'klk', '2012-03-28', '11:00:00', '01:00:00', NULL),
(207, 'lmll', '2012-03-28', '13:00:00', '03:00:00', NULL),
(208, 'dd', '2012-03-29', '10:00:00', '01:00:00', NULL),
(209, 'ddd', '2012-03-29', '09:00:00', '01:00:00', NULL),
(210, 'fff', '2012-03-29', '08:00:00', '01:00:00', NULL),
(211, 'ccc', '2012-03-28', '09:00:00', '01:00:00', NULL),
(212, 'ccc', '2012-03-29', '09:00:00', '01:00:00', NULL),
(213, 'ccdc', '2012-03-29', '10:00:00', '02:00:00', NULL),
(214, 'LF', '2012-03-29', '10:00:00', '02:00:00', NULL),
(215, 'LF', '2012-03-29', '10:00:00', '02:00:00', NULL),
(216, 'ddd', '2012-03-29', '09:00:00', '01:00:00', NULL),
(217, 'MOA', '2012-03-29', '10:30:00', '01:00:00', NULL),
(218, 'MOA', '2012-03-29', '10:30:00', '01:00:00', NULL),
(219, 'MOA', '2012-03-29', '10:30:00', '01:00:00', NULL),
(220, 'MOA', '2012-03-29', '10:30:00', '01:00:00', NULL),
(221, 'MOA', '2012-03-29', '10:30:00', '01:00:00', NULL),
(222, 'zzz', '2012-03-29', '10:00:00', '01:00:00', NULL),
(223, 'moa', '2012-03-29', '10:30:00', '01:00:00', NULL),
(224, 'moa', '2012-03-29', '10:30:00', '01:00:00', NULL),
(225, 'ddd', '2012-03-28', '08:00:00', '02:00:00', NULL),
(226, 'moa', '2012-03-29', '10:30:00', '01:00:00', NULL),
(227, 'moa', '2012-03-29', '10:30:00', '01:00:00', NULL),
(228, 'dss', '2012-03-29', '09:00:00', '01:00:00', NULL),
(229, 'ff', '2012-03-29', '10:00:00', '01:00:00', NULL),
(230, 'ddd', '2012-03-29', '09:00:00', '01:00:00', NULL),
(231, 'ddd', '2012-03-29', '09:00:00', '01:00:00', NULL),
(232, 'fff', '2012-03-28', '09:00:00', '01:00:00', NULL),
(233, 'LF', '2012-03-29', '11:00:00', '01:00:00', NULL),
(234, 'dd', '2012-03-29', '09:00:00', '01:00:00', NULL),
(235, 'fff', '2012-03-29', '09:00:00', '01:00:00', NULL),
(236, 'fff', '2012-03-29', '09:00:00', '01:00:00', NULL),
(237, 'ygyhgj', '2012-03-29', '10:00:00', '01:00:00', NULL),
(238, 'ggg', '2012-03-28', '08:00:00', '01:00:00', NULL),
(239, 'ggg', '2012-03-28', '08:00:00', '01:00:00', NULL),
(240, 'xxx', '2012-03-29', '09:00:00', '01:00:00', NULL),
(241, 'ttt', '2012-03-29', '08:00:00', '02:00:00', NULL),
(242, 'fff', '2012-03-27', '10:00:00', '01:00:00', NULL),
(243, 'ff', '2012-03-29', '08:00:00', '01:00:00', NULL),
(244, 'hhh', '2012-03-29', '09:00:00', '02:00:00', NULL),
(245, 'hhh', '2012-03-28', '08:00:00', '02:00:00', NULL),
(246, 'hhh', '2012-03-28', '10:00:00', '02:00:00', NULL),
(247, 'Réseau', '2012-03-29', '10:00:00', '02:00:00', NULL),
(248, 'fff', '2012-03-29', '10:00:00', '02:00:00', NULL),
(249, 'ggg', '2012-03-20', '10:00:00', '01:00:00', NULL),
(250, ',,,', '2012-03-20', '09:00:00', '01:00:00', NULL),
(251, 'f', '2012-03-13', '08:00:00', '01:00:00', NULL),
(252, 'ccc', '2012-03-29', '09:00:00', '01:00:00', NULL),
(253, 'fff', '2012-03-29', '09:00:00', '01:00:00', NULL),
(254, 'hhh', '2012-03-13', '09:00:00', '01:00:00', NULL),
(255, 'fff', '2012-03-27', '08:00:00', '02:00:00', NULL),
(256, 'ffff', '2012-03-28', '09:00:00', '01:00:00', NULL),
(257, 'toto', '2012-03-29', '10:00:00', '01:00:00', NULL),
(258, 'yhh', '2012-03-28', '09:00:00', '01:00:00', NULL),
(259, 'hh', '2012-03-26', '10:00:00', '01:00:00', NULL),
(260, 'hh', '2012-03-28', '09:00:00', '01:00:00', NULL),
(261, 'ggg', '2012-03-29', '10:00:00', '01:00:00', NULL),
(262, 'hhh', '2012-03-28', '10:00:00', '01:00:00', NULL),
(263, 'hhh', '2012-03-20', '11:00:00', '01:00:00', NULL),
(264, 'hhhh', '2012-03-30', '09:00:00', '01:00:00', NULL),
(265, 'hjhjjh', '2012-03-26', '09:00:00', '01:00:00', NULL),
(266, 'kkk', '2012-03-30', '09:00:00', '01:00:00', NULL),
(267, 'jkljkljk', '2012-03-28', '10:00:00', '01:00:00', NULL),
(268, 'hjuhjhj', '2012-03-28', '08:00:00', '01:00:00', NULL),
(269, 'fff', '2012-03-29', '09:00:00', '01:00:00', NULL),
(270, 'jhjh', '2012-03-21', '10:00:00', '01:00:00', NULL),
(271, 'gggg', '2012-03-29', '10:00:00', '01:00:00', NULL),
(272, 'uuuu', '2012-03-28', '09:00:00', '01:00:00', NULL),
(273, 'vcxxvxcvcxv', '2012-03-27', '08:00:00', '01:00:00', NULL),
(274, 'ddd', '2012-04-02', '10:30:00', '01:30:00', NULL),
(275, 'ujj', '2012-04-02', '14:00:00', '01:30:00', NULL),
(276, 'Analyse', '2012-04-03', '10:00:00', '02:00:00', NULL),
(277, 'LA', '2012-04-03', '13:30:00', '01:30:00', NULL),
(278, 'jjj', '2012-04-25', '08:00:00', '02:00:00', NULL),
(279, 'jjj', '2012-04-25', '08:00:00', '02:00:00', NULL),
(280, 'bbb', '2012-04-25', '12:00:00', '02:00:00', NULL),
(281, 'gttt', '2012-04-17', '08:00:00', '02:00:00', NULL),
(282, 'ffff', '2012-04-26', '09:00:00', '03:00:00', NULL),
(283, 'vvv', '2012-04-24', '10:00:00', '01:00:00', NULL),
(284, 'test', '2012-04-27', '11:00:00', '02:30:00', NULL),
(285, 'test', '2012-04-27', '11:00:00', '02:30:00', NULL),
(286, 'huh', '2012-04-24', '09:00:00', '02:00:00', NULL),
(288, 'xxx', '2012-04-24', '10:00:00', '01:00:00', NULL),
(291, 'Test', '2012-10-31', '10:00:00', '02:00:00', NULL),
(292, 'toto', '2012-11-21', '08:00:00', '01:00:00', NULL),
(293, 'Graphes', '2012-11-06', '08:00:00', '01:00:00', NULL),
(294, 'ProbaStat', '2012-11-12', '11:30:00', '01:00:00', NULL),
(295, 'BdD', '2012-11-13', '08:00:00', '01:00:00', NULL),
(296, 'bdd', '2012-11-13', '08:00:00', '01:00:00', NULL),
(297, 'Bdd', '2012-11-13', '08:00:00', '01:00:00', NULL),
(298, 'bdd', '2012-11-13', '08:00:00', '01:00:00', NULL),
(299, 'Archi', '2012-11-14', '08:00:00', '02:00:00', NULL),
(300, 'bdd', '2012-11-13', '08:00:00', '01:00:00', NULL),
(301, 'dd', '2012-11-16', '14:00:00', '01:30:00', NULL),
(302, 'bdd', '2012-11-13', '08:00:00', '02:00:00', NULL),
(303, 'BdD', '2012-11-13', '08:00:00', '01:00:00', NULL),
(304, 'sdf', '2012-11-20', '08:00:00', '01:00:00', NULL),
(305, 'Stadler', '2012-11-21', '11:15:00', '01:00:00', NULL),
(306, 'Algo', '2012-11-21', '08:00:00', '02:00:00', NULL),
(307, 'Méthode Objet', '2012-11-28', '10:15:00', '01:00:00', NULL),
(308, 'Méthode Objet', '2012-11-28', '10:15:00', '01:00:00', NULL),
(309, 'BdD', '2012-12-12', '14:00:00', '01:30:00', NULL),
(311, 'Analyse Systémique', '2013-01-07', '08:00:00', '04:00:00', NULL),
(312, 'Algo-Ada', '2013-01-07', '14:00:00', '02:30:00', NULL),
(313, 'AlgoProg', '2013-01-07', '14:00:00', '02:30:00', NULL),
(314, 'AlgoProg', '2013-01-07', '14:00:00', '02:30:00', NULL),
(315, 'Maths Disc.', '2013-01-08', '08:30:00', '01:30:00', NULL),
(316, 'Maths Discrètes', '2013-01-08', '08:30:00', '01:30:00', NULL),
(317, 'Analyse', '2013-01-08', '10:30:00', '01:30:00', NULL),
(318, 'Archi', '2013-01-10', '08:00:00', '02:00:00', NULL),
(319, 'C++', '2013-01-08', '08:30:00', '01:30:00', NULL),
(320, 'Méth. Obj.', '2013-01-08', '10:30:00', '01:30:00', NULL),
(321, 'Proba. Stats', '2013-01-09', '08:30:00', '01:30:00', NULL),
(322, 'Graphe', '2013-01-09', '10:30:00', '01:30:00', NULL),
(323, 'Système', '2013-01-10', '10:30:00', '01:30:00', NULL),
(324, 'Réseaux', '2013-01-11', '14:00:00', '02:00:00', NULL),
(325, 'BdD', '2013-01-14', '08:00:00', '02:00:00', NULL),
(326, 'Assembleur', '2013-01-18', '16:00:00', '02:00:00', NULL),
(329, 'RI', '2013-01-24', '13:45:00', '02:00:00', NULL),
(330, 'Test', '2013-03-14', '09:00:00', '02:00:00', NULL),
(331, 'MELY-MARCHETTI', '2013-03-20', '08:00:00', '02:00:00', NULL),
(332, 'fff', '2013-03-20', '08:00:00', '02:00:00', NULL),
(333, 'MELY', '2013-03-27', '10:30:00', '01:30:00', NULL),
(334, 'Langage C', '2013-03-20', '08:00:00', '01:00:00', NULL),
(335, 'Réseaux', '2013-03-20', '09:00:00', '01:00:00', NULL),
(336, 'Fonctionnement Entre', '2013-03-26', '13:30:00', '01:00:00', NULL),
(338, 'Fonctionnement Entre', '2013-03-26', '13:30:00', '01:00:00', NULL),
(339, 'Analyse Numérique', '2013-03-27', '08:30:00', '01:30:00', NULL),
(340, 'Langages et Automate', '2013-03-27', '10:30:00', '01:30:00', NULL),
(341, 'Langage Fonctionnel', '2013-03-27', '14:00:00', '02:00:00', NULL),
(342, 'Système', '2013-03-28', '08:30:00', '01:30:00', NULL),
(343, 'Système', '2013-03-28', '08:30:00', '01:30:00', NULL),
(344, 'Système', '2013-03-28', '08:30:00', '01:30:00', NULL),
(345, 'Algèbre Linéaire', '2013-03-28', '14:00:00', '02:00:00', NULL),
(346, 'Analyse', '2013-04-02', '08:00:00', '02:00:00', NULL),
(347, 'Graphes', '2013-04-02', '10:30:00', '01:30:00', NULL),
(348, 'Prog. Objet Avancée', '2013-04-03', '08:00:00', '01:00:00', NULL),
(349, 'Java', '2013-03-28', '10:30:00', '01:00:00', NULL),
(350, 'Test', '2013-04-30', '09:00:00', '01:00:00', NULL),
(351, 'Fonctionnement Entre', '2013-04-02', '13:30:00', '01:00:00', NULL),
(354, 'Algo-Prog', '2013-04-10', '13:30:00', '02:00:00', NULL),
(355, 'test', '2013-04-09', '14:30:00', '02:30:00', NULL),
(356, 'Fonct', '2013-05-28', '09:15:00', '01:00:00', NULL),
(357, 'MELY', '2013-06-07', '10:30:00', '01:30:00', NULL),
(377, 'AlgoC', '2013-10-05', '10:30:00', '01:00:00', NULL),
(378, 'AlgoC', '2013-10-05', '10:30:00', '01:00:00', NULL),
(380, 'Fct org', '2013-10-07', '13:45:00', '01:30:00', NULL),
(381, 'Maths Disc', '2013-10-22', '09:15:00', '01:00:00', NULL),
(382, 'Maths Disc', '2013-10-22', '09:15:00', '01:00:00', NULL),
(383, 'archi', '2013-10-25', '08:00:00', '02:00:00', NULL),
(384, 'BdD', '2013-11-08', '08:00:00', '02:00:00', NULL),
(385, 'Gestion Info', '2013-11-08', '14:00:00', '01:30:00', NULL),
(386, 'Gestion Info', '2013-11-08', '14:00:00', '01:30:00', NULL),
(387, 'xbxc', '2013-11-14', '11:00:00', '01:00:00', NULL),
(388, 'xbxc', '2013-11-14', '11:00:00', '01:00:00', NULL),
(389, 'AlgoC', '2013-11-23', '09:00:00', '02:30:00', NULL),
(390, 'AlgoC', '2013-11-23', '09:00:00', '02:30:00', NULL),
(391, 'fra', '2013-11-22', '14:00:00', '01:30:00', NULL),
(403, 'Alg Lin et FctOrg', '2013-12-17', '08:00:00', '02:00:00', NULL),
(404, 'Alg', '2013-12-17', '08:00:00', '02:00:00', NULL),
(405, 'a', '2013-12-17', '08:00:00', '02:00:00', NULL),
(406, 'Réseaux', '2013-12-15', '08:00:00', '02:00:00', NULL),
(407, 'Analyse Systé', '2014-01-06', '08:00:00', '04:00:00', NULL),
(408, 'aa', '2014-01-07', '08:00:00', '01:30:00', NULL),
(409, 'dd', '2014-01-07', '10:30:00', '01:30:00', NULL),
(413, 'Maths', '2014-01-09', '09:00:00', '02:00:00', NULL),
(414, 'Maths', '2014-01-09', '09:00:00', '02:00:00', NULL),
(415, 'BdD', '2014-01-10', '08:30:00', '03:00:00', NULL),
(416, 'MELY', '2014-01-17', '10:30:00', '01:30:00', NULL),
(417, 'MELY', '2014-01-17', '10:30:00', '01:30:00', NULL),
(418, 'MELY', '2014-01-17', '10:30:00', '01:30:00', NULL),
(419, 'MELY', '2014-01-17', '10:30:00', '01:30:00', NULL),
(427, 'Analyse', '2014-02-25', '09:15:00', '01:00:00', NULL),
(430, 'POO', '2014-03-27', '08:15:00', '01:30:00', NULL),
(431, 'POO', '2014-03-27', '08:15:00', '01:30:00', NULL),
(432, 'POO', '2014-03-27', '08:15:00', '01:30:00', NULL),
(440, 'MELY', '2014-04-04', '10:30:00', '01:30:00', NULL),
(444, 'Conception Objets', '2014-04-25', '10:30:00', '01:45:00', NULL),
(445, 'Conception Objets', '2014-04-25', '10:30:00', '01:45:00', NULL),
(446, 'Conception Objets', '2014-04-25', '10:30:00', '01:45:00', NULL),
(447, 'Conception Objets', '2014-04-25', '10:30:00', '01:45:00', NULL),
(448, 'Conception Objets', '2014-04-25', '10:30:00', '01:45:00', NULL),
(449, 'rezo', '2014-05-19', '10:00:00', '01:00:00', NULL),
(454, 'MELY', '2014-05-30', '09:00:00', '01:00:00', NULL),
(466, 'MELY', '2014-06-16', '08:30:00', '01:30:00', NULL),
(467, 'MELY', '2014-06-23', '08:30:00', '01:30:00', NULL),
(480, 'a', '2014-10-22', '10:00:00', '02:00:00', NULL),
(481, 'a', '2014-10-22', '10:00:00', '02:00:00', NULL),
(482, 'a', '2014-10-22', '10:00:00', '02:00:00', NULL),
(483, 'a', '2014-10-22', '13:30:00', '02:00:00', NULL),
(490, 'bdd', '2014-11-28', '10:30:00', '02:00:00', NULL),
(491, 'Marchetti', '2014-12-01', '08:30:00', '01:15:00', NULL),
(493, 'Marchetti', '2014-12-08', '11:00:00', '01:15:00', NULL),
(494, 'Marchetti', '2014-12-08', '11:00:00', '01:15:00', NULL),
(495, 'Marchetti', '2014-12-08', '11:00:00', '01:15:00', NULL),
(498, 'Marchetti', '2015-01-06', '10:30:00', '01:15:00', NULL),
(534, 'MELY', '2015-01-07', '10:30:00', '01:00:00', NULL),
(544, 'fbx', '2015-01-22', '09:00:00', '02:00:00', NULL),
(545, 'ddd', '2015-02-24', '09:00:00', '01:00:00', NULL),
(546, 'ddd', '2015-02-24', '09:00:00', '01:00:00', NULL),
(547, 'ddd', '2015-02-24', '09:00:00', '01:00:00', NULL),
(548, 'moas', '2015-02-27', '10:30:00', '01:15:00', NULL),
(549, 'COAS', '2015-02-27', '10:30:00', '01:30:00', NULL),
(559, 'MELY', '2015-03-25', '09:00:00', '01:00:00', NULL),
(560, 'MELY', '2015-03-25', '09:00:00', '01:00:00', NULL),
(567, 'Marchetti', '2015-05-20', '13:30:00', '01:30:00', NULL),
(568, 'Marchetti', '2015-05-20', '13:30:00', '01:30:00', NULL),
(569, 'MELY', '2015-06-11', '08:30:00', '01:30:00', NULL),
(570, 'MELY', '2015-06-11', '08:30:00', '01:30:00', NULL),
(572, 'Mme Mely', '2015-06-11', '08:30:00', '01:30:00', NULL),
(577, 'MELY', '2015-06-08', '10:00:00', '01:00:00', NULL),
(592, 'Marchetti', '2015-10-19', '08:00:00', '02:00:00', NULL),
(593, 'Marchetti', '2015-10-19', '08:00:00', '02:00:00', NULL),
(594, 'Zertal', '2015-10-19', '08:00:00', '02:00:00', NULL),
(618, 'C', '2015-12-14', '10:30:00', '01:00:00', NULL),
(639, 'MELY', '2016-01-28', '11:30:00', '01:00:00', NULL),
(640, 'MELY', '2016-01-28', '11:30:00', '01:00:00', NULL),
(641, 'fff', '2016-02-17', '08:00:00', '01:00:00', NULL),
(661, 'CO', '2016-03-30', '16:00:00', '01:45:00', NULL),
(662, 'Mely', '2016-04-22', '10:30:00', '01:00:00', NULL),
(672, 'Test PL', '2016-05-04', '12:00:00', '03:00:00', NULL),
(673, 'Test PL', '2016-05-04', '12:00:00', '03:00:00', NULL),
(676, 'Test', '2016-05-03', '09:00:00', '03:00:00', NULL),
(677, 'Test', '2016-05-03', '09:00:00', '03:00:00', NULL),
(678, 'ftr', '2016-05-11', '09:00:00', '01:00:00', NULL),
(682, '00 2016-05-27', '2016-05-27', '11:00:00', '01:00:00', NULL),
(684, '00 01/05/2016', '2016-05-01', '14:00:00', '06:00:00', NULL),
(685, '45 24/05/2016', '2016-05-24', '11:45:00', '03:00:00', NULL),
(687, '30 11/05/2016', '2016-05-11', '11:30:00', '02:30:00', NULL),
(688, '00 10/05/2016', '2016-05-10', '10:00:00', '01:00:00', NULL),
(689, '00 11/05/2016', '2016-05-11', '10:00:00', '01:00:00', NULL),
(690, '00 12/05/2016', '2016-05-12', '09:00:00', '01:00:00', NULL),
(691, '00 12/05/2016', '2016-05-12', '09:00:00', '01:00:00', NULL),
(692, '00 03/05/2016', '2016-05-03', '10:00:00', '02:00:00', NULL),
(694, '00 04/05/2016', '2016-05-04', '09:00:00', '02:00:00', NULL),
(695, '00 04/05/2016', '2016-05-04', '09:00:00', '02:00:00', NULL),
(697, '30 01/06/2015', '2015-06-01', '13:30:00', '01:00:00', NULL),
(698, '00 16/06/2016', '2016-06-16', '10:00:00', '01:00:00', NULL),
(699, '00 07/06/2016', '2016-06-07', '09:00:00', '01:00:00', NULL),
(700, '00 15/06/2016', '2016-06-15', '09:00:00', '01:30:00', NULL),
(702, '30 15/06/2016', '2016-06-15', '08:30:00', '01:30:00', NULL),
(704, '00 17/10/2016', '2016-00-17', '16:00:00', '01:30:00', NULL),
(705, '00 20/10/2016', '2016-00-20', '09:00:00', '01:00:00', NULL),
(707, '45 10/10/2016', '2016-00-10', '14:45:00', '01:00:00', NULL),
(708, '45 10/10/2016', '2016-00-10', '14:45:00', '01:00:00', NULL),
(710, '00 11/10/2016', '2016-00-11', '08:00:00', '02:00:00', NULL),
(711, '00 11/10/2016', '2016-00-11', '08:00:00', '02:00:00', NULL),
(712, '00 11/10/2016', '2016-00-11', '08:00:00', '02:00:00', NULL),
(713, '00 18/10/2016', '2016-00-18', '08:00:00', '01:00:00', NULL),
(714, '30 17/10/2016', '2016-00-17', '15:30:00', '01:30:00', NULL),
(715, '30 17/10/2016', '2016-00-17', '15:30:00', '01:30:00', NULL),
(716, '15 31/10/2016', '2016-00-31', '09:15:00', '01:00:00', NULL),
(717, '00 02/11/2016', '2016-01-02', '08:00:00', '02:00:00', NULL),
(718, '00 07/11/2016', '2016-01-07', '08:00:00', '01:30:00', NULL),
(719, '30 23/11/2016', '2016-01-23', '11:30:00', '01:00:00', NULL),
(720, '30 21/11/2016', '2016-01-21', '13:30:00', '02:15:00', NULL),
(721, '30 21/11/2016', '2016-01-21', '13:30:00', '02:15:00', NULL),
(722, '30 21/11/2016', '2016-01-21', '13:30:00', '02:15:00', NULL),
(723, '30 23/11/2016', '2016-01-23', '11:30:00', '01:00:00', NULL),
(724, '30 23/11/2016', '2016-01-23', '11:30:00', '01:00:00', NULL),
(725, '00 28/11/2016', '2016-01-28', '08:00:00', '01:00:00', NULL),
(726, '00 28/11/2016', '2016-01-28', '09:00:00', '01:00:00', NULL),
(727, '30 05/12/2016', '2016-02-05', '08:30:00', '01:30:00', NULL),
(728, '30 05/12/2016', '2016-02-05', '08:30:00', '01:30:00', NULL),
(729, '00 06/12/2016', '2016-02-06', '08:00:00', '02:00:00', NULL),
(730, '00 12/12/2016', '2016-02-12', '08:00:00', '01:00:00', NULL),
(731, '00 12/12/2016', '2016-02-12', '08:00:00', '02:00:00', NULL),
(732, '00 10/01/2017', '2017-01-10', '15:00:00', '01:00:00', NULL),
(733, '00 11/01/2017', '2017-01-11', '08:00:00', '02:00:00', NULL),
(734, '00 18/01/2017', '2017-01-18', '09:00:00', '01:00:00', NULL),
(735, '00 18/01/2017', '2017-01-18', '09:00:00', '01:00:00', NULL),
(736, '45 16/01/2017', '2017-01-16', '13:45:00', '01:30:00', NULL),
(737, '45 16/01/2017', '2017-01-16', '13:45:00', '01:30:00', NULL),
(738, '00 17/01/2017', '2017-01-17', '08:00:00', '02:00:00', NULL),
(739, '00 17/01/2017', '2017-01-17', '08:00:00', '02:00:00', NULL),
(740, '30 18/01/2017', '2017-01-18', '08:30:00', '02:00:00', NULL),
(741, '30 18/01/2017', '2017-01-18', '08:30:00', '02:00:00', NULL),
(742, '00 17/01/2017', '2017-01-17', '11:00:00', '01:00:00', NULL),
(743, '45 13/01/2017', '2017-01-13', '13:45:00', '01:30:00', NULL),
(744, '00 11/01/2017', '2017-01-11', '09:00:00', '01:00:00', NULL),
(745, '00 17/01/2017', '2017-01-17', '11:00:00', '01:30:00', NULL),
(746, '00 17/01/2017', '2017-01-17', '11:00:00', '01:30:00', NULL),
(747, '00 17/01/2017', '2017-01-17', '14:00:00', '01:30:00', NULL),
(748, '00 17/01/2017', '2017-01-17', '14:00:00', '01:30:00', NULL),
(749, '30 18/01/2017', '2017-01-18', '08:30:00', '02:00:00', NULL),
(750, '30 24/01/2017', '2017-01-24', '08:30:00', '01:30:00', NULL),
(751, '00 25/01/2017', '2017-01-25', '10:00:00', '02:00:00', NULL),
(752, '00 25/01/2017', '2017-01-25', '10:00:00', '02:00:00', NULL),
(753, '00 30/01/2017', '2017-01-30', '09:00:00', '01:00:00', NULL),
(754, '00 30/01/2017', '2017-01-30', '09:00:00', '01:00:00', NULL),
(755, '00 30/01/2017', '2017-01-30', '09:00:00', '01:00:00', NULL),
(756, '00 30/01/2017', '2017-01-30', '09:00:00', '01:00:00', NULL),
(757, '30 06/02/2017', '2017-02-06', '08:30:00', '01:30:00', NULL),
(758, '30 13/02/2017', '2017-02-13', '08:30:00', '01:30:00', NULL),
(759, '00 03/03/2017', '2017-03-03', '14:00:00', '01:00:00', NULL),
(760, '45 15/03/2017', '2017-03-15', '13:45:00', '01:30:00', NULL),
(761, '45 15/03/2017', '2017-03-15', '13:45:00', '01:30:00', NULL),
(762, '45 17/03/2017', '2017-03-17', '13:45:00', '01:30:00', NULL),
(763, '30 23/03/2017', '2017-03-23', '10:30:00', '01:45:00', NULL),
(764, '00 27/03/2017', '2017-03-27', '09:00:00', '01:00:00', NULL),
(765, '30 30/03/2017', '2017-03-30', '08:30:00', '01:30:00', NULL),
(766, '30 31/03/2017', '2017-03-31', '13:30:00', '01:30:00', NULL),
(767, '30 03/04/2017', '2017-04-03', '10:30:00', '01:30:00', NULL),
(768, '30 03/04/2017', '2017-04-03', '10:30:00', '01:30:00', NULL),
(769, '00 03/04/2017', '2017-04-03', '08:00:00', '02:00:00', NULL),
(770, '45 03/04/2017', '2017-04-03', '13:45:00', '02:00:00', NULL),
(771, '00 03/04/2017', '2017-04-03', '14:00:00', '01:30:00', NULL),
(772, '00 03/04/2017', '2017-04-03', '14:00:00', '01:30:00', NULL),
(773, '30 04/04/2017', '2017-04-04', '10:30:00', '01:30:00', NULL),
(774, '45 04/04/2017', '2017-04-04', '13:45:00', '01:30:00', NULL),
(775, '00 07/04/2017', '2017-04-07', '16:00:00', '01:30:00', NULL),
(776, '00 07/04/2017', '2017-04-07', '16:00:00', '02:00:00', NULL),
(777, '00 07/04/2017', '2017-04-07', '16:00:00', '02:00:00', NULL),
(778, '00 07/04/2017', '2017-04-07', '16:00:00', '02:00:00', NULL),
(779, '00 10/05/2017', '2017-05-10', '15:00:00', '00:30:00', NULL),
(780, '00 10/05/2017', '2017-05-10', '15:00:00', '00:30:00', NULL),
(781, '00 06/05/2017', '2017-05-06', '08:00:00', '02:00:00', NULL),
(782, '45 10/05/2017', '2017-05-10', '14:45:00', '00:30:00', NULL),
(783, '30 17/05/2017', '2017-05-17', '13:30:00', '01:30:00', NULL),
(784, '30 23/05/2017', '2017-05-23', '08:30:00', '01:30:00', NULL),
(785, '45 22/05/2017', '2017-05-22', '13:45:00', '01:30:00', NULL),
(786, '00 30/05/2017', '2017-05-30', '14:00:00', '01:30:00', NULL),
(787, '00 30/05/2017', '2017-05-30', '16:00:00', '01:30:00', NULL),
(788, '00 19/06/2017', '2017-06-19', '09:00:00', '01:00:00', NULL),
(789, '00 19/06/2017', '2017-06-19', '09:00:00', '01:00:00', NULL),
(790, '00 19/06/2017', '2017-06-19', '09:00:00', '01:00:00', NULL),
(791, '00 13/06/2017', '2017-06-13', '09:00:00', '01:00:00', NULL),
(792, '00 22/06/2016', '2016-06-22', '10:00:00', '02:00:00', NULL),
(793, '15 10/10/2017', '2017-00-10', '11:15:00', '00:30:00', NULL),
(794, '30 13/10/2017', '2017-00-13', '13:30:00', '01:15:00', NULL),
(795, '30 13/10/2017', '2017-00-13', '13:30:00', '01:15:00', NULL),
(796, '30 13/10/2017', '2017-00-13', '13:30:00', '01:15:00', NULL),
(797, '30 13/10/2017', '2017-00-13', '13:30:00', '01:15:00', NULL),
(798, '00 20/10/2017', '2017-00-20', '13:00:00', '01:30:00', NULL),
(799, '15 17/10/2017', '2017-00-17', '11:15:00', '00:30:00', NULL),
(800, '30 23/10/2017', '2017-00-23', '08:30:00', '01:00:00', NULL),
(801, '00 06/11/2017', '2017-01-06', '08:00:00', '01:30:00', NULL),
(802, '00 06/11/2017', '2017-01-06', '08:00:00', '01:30:00', NULL),
(803, '30 08/11/2017', '2017-01-08', '13:30:00', '02:00:00', NULL),
(804, '00 13/11/2017', '2017-01-13', '08:00:00', '01:00:00', NULL),
(805, '00 13/11/2017', '2017-01-13', '14:00:00', '01:00:00', NULL),
(806, '30 15/11/2017', '2017-01-15', '13:30:00', '01:00:00', NULL),
(807, '30 15/11/2017', '2017-01-15', '13:30:00', '01:00:00', NULL),
(808, '00 20/11/2017', '2017-01-20', '08:00:00', '01:00:00', NULL),
(809, '15 20/11/2017', '2017-01-20', '13:15:00', '02:15:00', NULL),
(810, '15 20/11/2017', '2017-01-20', '13:15:00', '02:15:00', NULL),
(811, '00 27/11/2017', '2017-01-27', '08:00:00', '01:00:00', NULL),
(812, '30 29/11/2017', '2017-01-29', '13:30:00', '01:00:00', NULL),
(813, '30 29/11/2017', '2017-01-29', '13:30:00', '02:00:00', NULL),
(814, '15 04/12/2017', '2017-02-04', '08:15:00', '01:30:00', NULL),
(815, '00 11/12/2017', '2017-02-11', '08:00:00', '01:00:00', NULL),
(816, '45 18/12/2017', '2017-02-18', '08:45:00', '01:00:00', NULL),
(817, '45 18/12/2017', '2017-02-18', '08:45:00', '01:00:00', NULL),
(818, '00 10/01/2018', '2018-01-10', '11:00:00', '01:00:00', NULL),
(819, '15 08/01/2018', '2018-01-08', '10:15:00', '01:00:00', NULL),
(820, '00 09/01/2018', '2018-01-09', '10:00:00', '01:30:00', NULL),
(821, '00 09/01/2018', '2018-01-09', '10:00:00', '01:30:00', NULL),
(822, '00 09/01/2018', '2018-01-09', '09:00:00', '02:00:00', NULL),
(823, '30 08/01/2018', '2018-01-08', '13:30:00', '01:00:00', NULL),
(824, '00 09/01/2018', '2018-01-09', '10:00:00', '01:30:00', NULL),
(825, '00 09/01/2018', '2018-01-09', '10:00:00', '01:30:00', NULL),
(826, '30 16/01/2018', '2018-01-16', '13:30:00', '01:30:00', NULL),
(827, '30 16/01/2018', '2018-01-16', '13:30:00', '01:30:00', NULL),
(828, '00 17/01/2018', '2018-01-17', '09:00:00', '02:00:00', NULL),
(829, '00 17/01/2018', '2018-01-17', '09:00:00', '02:00:00', NULL),
(830, '30 15/01/2018', '2018-01-15', '13:30:00', '02:00:00', NULL),
(831, '30 15/01/2018', '2018-01-15', '13:30:00', '02:00:00', NULL),
(832, '00 15/01/2018', '2018-01-15', '10:00:00', '02:00:00', NULL),
(833, '00 15/01/2018', '2018-01-15', '10:00:00', '02:00:00', NULL),
(834, '00 16/01/2018', '2018-01-16', '10:00:00', '01:30:00', NULL),
(835, '00 16/01/2018', '2018-01-16', '10:00:00', '01:30:00', NULL),
(836, '30 17/01/2018', '2018-01-17', '13:30:00', '02:00:00', NULL),
(837, '00 20/01/2018', '2018-01-20', '08:00:00', '04:00:00', NULL),
(838, '00 24/01/2018', '2018-01-24', '10:00:00', '01:30:00', NULL),
(839, '30 23/01/2018', '2018-01-23', '13:30:00', '01:30:00', NULL);

--
-- Déclencheurs `devoir`
--
DELIMITER $$
CREATE TRIGGER `trg_devoir_date_check` BEFORE INSERT ON `devoir` FOR EACH ROW BEGIN
  IF NEW.date_devoir = '0000-00-00' THEN
    SIGNAL SQLSTATE '45000'
      SET MESSAGE_TEXT = 'date_devoir invalide : 0000-00-00 interdit';
  END IF;
END
$$
DELIMITER ;

-- --------------------------------------------------------

--
-- Structure de la table `devoir_groupe`
--

CREATE TABLE `devoir_groupe` (
  `id_devoir` int(10) UNSIGNED NOT NULL,
  `id_groupe` int(10) UNSIGNED NOT NULL
) ENGINE=InnoDB DEFAULT CHARSET=utf8mb4 COLLATE=utf8mb4_general_ci;

--
-- Déclencheurs `devoir_groupe`
--
DELIMITER $$
CREATE TRIGGER `trg_check_devoir_groupe_insert` BEFORE INSERT ON `devoir_groupe` FOR EACH ROW BEGIN
  IF EXISTS (SELECT 1 FROM `devoir_promo` WHERE id_devoir = NEW.id_devoir) THEN
    SIGNAL SQLSTATE '45000'
      SET MESSAGE_TEXT = 'Conflit : ce devoir est déjà affecté à une promotion entière.';
  END IF;
END
$$
DELIMITER ;

-- --------------------------------------------------------

--
-- Structure de la table `devoir_promo`
--

CREATE TABLE `devoir_promo` (
  `id_devoir` int(10) UNSIGNED NOT NULL,
  `id_promo` int(10) UNSIGNED NOT NULL
) ENGINE=InnoDB DEFAULT CHARSET=utf8mb4 COLLATE=utf8mb4_general_ci;

--
-- Déclencheurs `devoir_promo`
--
DELIMITER $$
CREATE TRIGGER `trg_check_devoir_promo_insert` BEFORE INSERT ON `devoir_promo` FOR EACH ROW BEGIN
  IF EXISTS (SELECT 1 FROM `devoir_groupe` WHERE id_devoir = NEW.id_devoir) THEN
    SIGNAL SQLSTATE '45000'
      SET MESSAGE_TEXT = 'Conflit : ce devoir est déjà affecté à des groupes spécifiques.';
  END IF;
END
$$
DELIMITER ;

-- --------------------------------------------------------

--
-- Structure de la table `devoir_salle`
--

CREATE TABLE `devoir_salle` (
  `id_devoir` int(10) UNSIGNED NOT NULL,
  `id_salle` int(10) UNSIGNED NOT NULL
) ENGINE=InnoDB DEFAULT CHARSET=utf8mb4 COLLATE=utf8mb4_general_ci;

-- --------------------------------------------------------

--
-- Structure de la table `enseignant`
--

CREATE TABLE `enseignant` (
  `id_ens` int(10) UNSIGNED NOT NULL,
  `nom_ens` varchar(50) NOT NULL,
  `prenom_ens` varchar(50) NOT NULL,
  `sexe` char(1) DEFAULT NULL,
  `login` varchar(50) DEFAULT NULL,
  `pass` varchar(255) DEFAULT NULL,
  `admin` tinyint(1) DEFAULT 0
) ENGINE=InnoDB DEFAULT CHARSET=utf8mb4 COLLATE=utf8mb4_general_ci;

--
-- Déchargement des données de la table `enseignant`
--

INSERT INTO `enseignant` (`id_ens`, `nom_ens`, `prenom_ens`, `sexe`, `login`, `pass`, `admin`) VALUES
(3, 'Roka', 'Zsuzsanna', 'F', 'roka', '$2y$10$ZjGSHIYGWkcBB7CTMR2D6ujXxeWhg5MxYyD9Y0ZT84JA..vVTvkga', 1),
(21, 'Spengler', 'Anne', 'F', 'spengler', NULL, 1),
(31, 'Laroche', 'Pierre', 'M', 'laroche', NULL, 1),
(36, 'info', 'info', 'M', 'info', NULL, 0),
(40, 'Bougdira', 'Nathalie', 'F', 'bougnath', '$2y$10$011xV8isV/lr3qJ38Er6He8XVtUL2..mDVPOfOAATcZtV4nVXjXD6', 0);

-- --------------------------------------------------------

--
-- Structure de la table `enseigne`
--

CREATE TABLE `enseigne` (
  `id_mat` int(10) UNSIGNED NOT NULL,
  `id_ens` int(10) UNSIGNED NOT NULL
) ENGINE=InnoDB DEFAULT CHARSET=utf8mb4 COLLATE=utf8mb4_general_ci;

-- --------------------------------------------------------

--
-- Structure de la table `etudiant`
--

CREATE TABLE `etudiant` (
  `id_etudiant` int(10) UNSIGNED NOT NULL,
  `nom_etudiant` varchar(50) NOT NULL,
  `prenom_etudiant` varchar(50) NOT NULL,
  `id_groupe` int(10) UNSIGNED NOT NULL,
  `demigr` tinyint(1) DEFAULT 0,
  `tiers_temps` tinyint(1) DEFAULT 0,
  `mob_reduite` tinyint(1) DEFAULT 0,
  `premier_rang` tinyint(1) NOT NULL DEFAULT 0 COMMENT 'Contrat pédagogique : placement obligatoire au premier rang'
) ENGINE=InnoDB DEFAULT CHARSET=utf8mb4 COLLATE=utf8mb4_general_ci;

--
-- Déchargement des données de la table `etudiant`
--

INSERT INTO `etudiant` (`id_etudiant`, `nom_etudiant`, `prenom_etudiant`, `id_groupe`, `demigr`, `tiers_temps`, `mob_reduite`, `premier_rang`) VALUES
(2700, 'BASBUNAR', 'Ahmet', 6727, NULL, 0, 0, 0),
(2701, 'AKCAKAYA', 'Yasin', 6728, NULL, 0, 0, 0),
(2702, 'CHAOUCH', 'Edy', 6729, NULL, 0, 0, 0),
(2703, 'ALLEGRA', 'Ethan', 6730, NULL, 0, 0, 0),
(2705, 'BOHLI', 'Mehdi', 6728, NULL, 0, 0, 0),
(2706, 'DURAND', 'Jules', 6729, NULL, 0, 0, 0),
(2707, 'BOURAINE', 'Zaccharia', 6730, NULL, 0, 0, 0),
(2708, 'BOUDEUF-FARA', 'Seif', 6727, NULL, 0, 0, 0),
(2709, 'FRANCK', 'Maël', 6728, NULL, 0, 0, 0),
(2710, 'HAN', 'Halil-Ibrahim', 6729, NULL, 0, 0, 0),
(2711, 'BOURZIK OUFLI', 'Aicha', 6730, NULL, 0, 0, 0),
(2712, 'DRISSI', 'Lina', 6727, NULL, 0, 0, 0),
(2713, 'GOERGER', 'Tom', 6728, NULL, 0, 0, 0),
(2714, 'MADDI', 'Wassim', 6729, NULL, 0, 0, 0),
(2715, 'CHAOUAY TISSIR', 'Salma', 6730, NULL, 0, 0, 0),
(2716, 'FARGES', 'Juliette', 6727, NULL, 0, 0, 0),
(2717, 'KARAMAN', 'Kemal', 6728, NULL, 0, 0, 0),
(2718, 'MAROUF', 'Yanice', 6729, NULL, 0, 0, 0),
(2719, 'COLLANGE', 'Angel', 6730, NULL, 0, 0, 0),
(2720, 'GALIOTTO', 'Lily', 6727, NULL, 0, 0, 0),
(2721, 'LOUYOT', 'Vincent', 6728, NULL, 0, 0, 0),
(2722, 'MECHKENE', 'Aimen', 6729, NULL, 0, 0, 0),
(2723, 'CRISTOVAO', 'Phyléas', 6730, NULL, 0, 0, 0),
(2724, 'HAMRANI', 'Lounis', 6727, NULL, 0, 0, 0),
(2725, 'MAUME', 'Adam', 6728, NULL, 0, 0, 0),
(2726, 'MEDDAHI', 'Ilyès', 6729, NULL, 0, 0, 0),
(2727, 'DECAILLOT', 'Gabin', 6730, NULL, 0, 0, 0),
(2728, 'HUERTAS', 'Samuel', 6727, NULL, 0, 0, 0),
(2729, 'OULD RABAH', 'Jabril', 6728, NULL, 0, 0, 0),
(2730, 'MIGUEL-MATOS', 'Matteo', 6729, NULL, 0, 0, 0),
(2731, 'ELBAYANE', 'Adam', 6730, NULL, 0, 0, 0),
(2732, 'LELONG', 'Victor', 6727, NULL, 0, 0, 0),
(2733, 'PLANTEGENET', 'Ethan', 6728, NULL, 0, 0, 0),
(2734, 'SAHRAOUI', 'Zayd', 6729, NULL, 1, 0, 0),
(2735, 'LOUSSAìEF', 'Melvil', 6730, NULL, 0, 0, 0),
(2736, 'MORI', 'Flavien ', 6727, NULL, 0, 0, 0),
(2738, 'SEHBAOUI HAQBANE', 'Mohamed Charif', 6729, NULL, 0, 0, 0),
(2739, 'NIANG', 'Alexandre', 6730, NULL, 0, 0, 0),
(2740, 'OURY', 'Nicolas', 6727, NULL, 0, 0, 0),
(2741, 'VARY', 'Maxime', 6728, NULL, 0, 0, 0),
(2742, 'TOPUZ', 'Emin', 6729, NULL, 0, 0, 0),
(2743, 'TREVIEN', 'Erwan', 6730, NULL, 0, 0, 0),
(2744, 'SCHMITTAG', 'Léane', 6727, NULL, 1, 0, 0),
(2745, 'YUCE', 'Berat', 6728, NULL, 0, 0, 0),
(2746, 'ZAIT', 'Rayan', 6729, NULL, 0, 0, 0),
(2748, 'ALLALOU', 'Yassine', 6727, NULL, 0, 0, 0),
(2749, 'ABADELIA', 'Yanis', 6728, NULL, 0, 0, 0),
(2750, 'ZAIT', 'Adel', 6729, NULL, 0, 0, 0),
(2751, 'ZGUIT', 'Mounib', 6730, NULL, 0, 0, 0),
(2752, 'AMRI', 'Naïm', 6727, NULL, 0, 0, 0),
(2753, 'ABOUDI', 'Yanis', 6728, NULL, 0, 0, 0),
(2754, 'AUMONT', 'Julie', 6729, NULL, 0, 0, 0),
(2755, 'ATZORI JARI', 'Nahel', 6730, NULL, 0, 0, 0),
(2757, 'CARREIRAS', 'Teo', 6728, NULL, 0, 0, 0),
(2758, 'BIELUK', 'Constant', 6729, NULL, 0, 0, 0),
(2759, 'FRICK', 'Camïl', 6730, NULL, 0, 0, 0),
(2760, 'CARDOT', 'Damien', 6727, NULL, 0, 0, 0),
(2761, 'CARTIER', 'Enzo', 6728, NULL, 0, 0, 0),
(2762, 'GOUDANE', 'Nizam', 6729, NULL, 0, 0, 0),
(2763, 'GALLOIS-TROUPEL', 'Charles', 6730, NULL, 0, 0, 0),
(2764, 'DJILALI', 'Ilyes', 6727, NULL, 0, 0, 0),
(2765, 'KPONTON', 'Clevy', 6728, NULL, 0, 0, 0),
(2767, 'GRIBI', 'Ahmed', 6730, NULL, 0, 0, 0),
(2768, 'GROSS', 'Matthieu', 6727, NULL, 0, 0, 0),
(2769, 'LECLERE', 'Tom', 6728, NULL, 0, 0, 0),
(2770, 'MULLER', 'Odine', 6729, NULL, 0, 0, 0),
(2771, 'GUITTOUNE', 'Abderezak', 6730, NULL, 0, 0, 0),
(2772, 'GUELEN', 'Thélo', 6727, NULL, 0, 0, 0),
(2773, 'LOEW', 'Adrien', 6728, NULL, 0, 0, 0),
(2774, 'POLNECQ', 'Ethan', 6729, NULL, 0, 0, 0),
(2775, 'IZLA', 'Iliesse', 6730, NULL, 0, 0, 0),
(2776, 'GUEPRATTE', 'Ethan', 6727, NULL, 0, 0, 0),
(2777, 'MOUFID', 'Selma', 6728, NULL, 0, 0, 0),
(2778, 'ROSSI', 'Joey', 6729, NULL, 0, 0, 0),
(2779, 'LEFORT', 'Paul', 6730, NULL, 0, 0, 0),
(2780, 'LEBRETON', 'Adrien', 6727, NULL, 0, 0, 0),
(2781, 'MVUANDA NZIMBU', 'Exaucé', 6728, NULL, 0, 0, 0),
(2782, 'SARTORE', 'Matthieu', 6729, NULL, 0, 0, 0),
(2783, 'LELLU', 'Lucas', 6730, NULL, 0, 0, 0),
(2784, 'MACHTA', 'Mohamed', 6727, NULL, 0, 0, 0),
(2785, 'REMADNA', 'Yanis', 6728, NULL, 0, 0, 0),
(2786, 'VUILLAUME', 'Matthias', 6729, NULL, 0, 0, 0),
(2788, 'MARQUES-MONTEIRO', 'Dorian', 6727, NULL, 0, 0, 0),
(2789, 'REZZIK', 'Sonya', 6728, NULL, 0, 0, 0),
(2791, 'MULLER', 'Arnaud', 6730, NULL, 1, 0, 0),
(2792, 'RABAH', 'Aissa-Yanis', 6727, NULL, 0, 0, 0),
(2793, 'WELTER', 'Kenzo', 6728, NULL, 0, 0, 0),
(2794, 'YOKUS', 'Sena', 6729, NULL, 0, 0, 0),
(2795, 'OULAÏD', 'Adel', 6730, NULL, 0, 0, 0),
(2797, 'RIVES-CONTAMIN4.2', 'Irénée', 6730, NULL, 0, 0, 0),
(2870, 'ADAM', 'Mathis', 6716, NULL, 0, 0, 0),
(2871, 'ARSLAN', 'Adem', 6717, NULL, 0, 0, 0),
(2872, 'GAÜZÈRE', 'Julien', 6718, NULL, 0, 0, 0),
(2873, 'ADOLPH', 'Noa', 6716, NULL, 0, 0, 0),
(2874, 'BARRE', 'Alexandre', 6717, NULL, 0, 0, 0),
(2875, 'GINOT', 'Auguste', 6718, NULL, 1, 0, 0),
(2876, 'BAILLY', 'Clément', 6716, NULL, 0, 0, 0),
(2877, 'BENMOUFFEK', 'Anaïs', 6717, NULL, 0, 0, 0),
(2878, 'RICHET', 'Fabien', 6718, NULL, 0, 0, 0),
(2879, 'BARETH', 'Aymeric', 6716, NULL, 0, 0, 0),
(2880, 'COLASSE', 'Nathan', 6717, NULL, 0, 0, 0),
(2882, 'BAYIHA-MBARGA', 'Dieudonné', 6716, NULL, 0, 0, 0),
(2883, 'FADILY', 'Ikrame', 6717, NULL, 0, 0, 0),
(2884, 'THIS', 'Esteban', 6718, NULL, 0, 0, 0),
(2885, 'BOGUET', 'Thomas', 6716, NULL, 0, 0, 0),
(2886, 'FEISTHAUER', 'Simon', 6717, NULL, 0, 0, 0),
(2887, 'TIRONI', 'Baptiste', 6718, NULL, 0, 0, 0),
(2888, 'BONKOSKI', 'Ange', 6716, NULL, 0, 0, 0),
(2889, 'LAURI', 'Mattéo', 6717, NULL, 0, 0, 0),
(2890, 'CORONA', 'Nikola', 6718, NULL, 0, 0, 0),
(2891, 'CHAOUCHI', 'Aksel', 6716, NULL, 0, 0, 0),
(2893, 'GIORDANI', 'Enzo', 6718, NULL, 0, 0, 0),
(2894, 'DARCIAUX', 'Yoann', 6716, NULL, 0, 0, 0),
(2895, 'LEONARD--RUBECK', 'Enzo', 6717, NULL, 1, 0, 0),
(2896, 'HUET', 'Séverin', 6718, NULL, 0, 0, 0),
(2897, 'DOBOS', 'Léo', 6716, NULL, 0, 0, 0),
(2898, 'PETROVIC', 'Hugo', 6717, NULL, 0, 0, 0),
(2899, 'BOUHOUCH', 'Chouaib', 6718, NULL, 0, 0, 0),
(2900, 'FEIPEL', 'Aurélien', 6716, NULL, 0, 0, 0),
(2901, 'ROUX', 'Mathieu', 6717, NULL, 0, 0, 0),
(2902, 'KHOUCHI', 'Inas', 6718, NULL, 1, 0, 0),
(2903, 'FUSCIELLO', 'Baptiste', 6716, NULL, 0, 0, 0),
(2904, 'SCHUMACHER', 'Théo', 6717, NULL, 0, 0, 0),
(2905, 'LADURELLE', 'Alexis', 6718, NULL, 1, 0, 0),
(2906, 'MALLINGER', 'Robin', 6716, NULL, 0, 0, 0),
(2907, 'TOK', 'Mikail            ', 6717, NULL, 0, 0, 0),
(2908, 'PIZETTE', 'Bartholomé', 6718, NULL, 0, 0, 0),
(2909, 'MARCHAL', 'Aurelien', 6716, NULL, 0, 0, 0),
(2910, 'TOPAL', 'Fatih', 6717, NULL, 0, 0, 0),
(2911, 'SALVADORI', 'Theo', 6718, NULL, 0, 0, 0),
(2912, 'PERON', 'Ethan', 6716, NULL, 0, 0, 0),
(2913, 'DENOYELLE', 'Victorien', 6717, NULL, 0, 0, 0),
(2914, 'ZOLLER', 'Mathieu', 6717, NULL, 0, 0, 0),
(2915, 'ALICI', 'Teoman', 6716, NULL, 0, 0, 0),
(2916, 'FREY', 'Thomas', 6717, NULL, 0, 0, 0),
(2917, 'BENDEKKICHE', 'Sajad', 6716, NULL, 0, 0, 0),
(2918, 'GIRRES', 'Alice', 6717, NULL, 0, 0, 0),
(2919, 'BOSCAROL', 'Francis', 6716, NULL, 0, 0, 0),
(2920, 'GOEPFERT-BROUTTA', 'Maé', 6717, NULL, 0, 0, 0),
(2921, 'EL AAMERY', 'Ilyas', 6716, NULL, 0, 0, 0),
(2922, 'HEYTIENNE', 'Mathis', 6717, NULL, 0, 0, 0),
(2923, 'GRAìNE', 'Yanis', 6716, NULL, 0, 0, 0),
(2924, 'KIRCHER', 'Nino', 6717, NULL, 0, 0, 0),
(2925, 'ISLER', 'Maxence', 6716, NULL, 0, 0, 0),
(2926, 'LAMBERT', 'Quentin', 6717, NULL, 0, 0, 0),
(2927, 'JOLY', 'Aurélien', 6716, NULL, 0, 0, 0),
(2928, 'LUPO', 'Loïc', 6718, NULL, 0, 0, 0),
(2929, 'PRANDATO', 'Jade', 6716, NULL, 0, 0, 0),
(2930, 'OUKARA', 'Anass', 6717, NULL, 0, 0, 0),
(2931, 'QUENTIN', 'Bastien', 6716, NULL, 0, 0, 0),
(2932, 'PLANCHER', 'Matteo', 6717, NULL, 0, 0, 0),
(2933, 'ROUMILI', 'Rabah', 6716, NULL, 0, 0, 0),
(2934, 'SCHOU', 'Lilian', 6717, NULL, 0, 0, 0),
(2935, 'SWIATOKA', 'Maximilien', 6716, NULL, 0, 0, 0),
(2936, 'SIMON', 'Leopold', 6717, NULL, 0, 0, 0),
(2937, 'TAVERNI', 'Alexandre', 6716, NULL, 0, 0, 0),
(2938, 'STILLE', 'Evan', 6717, NULL, 0, 0, 0),
(2939, 'TUNC', 'Yilmaz', 6716, NULL, 0, 0, 0),
(2940, 'TRIBUT', 'Enzo', 6717, NULL, 0, 0, 0),
(2941, 'WADDELL', 'Simon', 6716, NULL, 0, 0, 0),
(2944, 'SCHAAL', 'Olivier', 6718, NULL, 0, 0, 0),
(2945, 'ALIU', 'AMIR', 6720, NULL, 0, 0, 0),
(2946, 'ABBAZ', 'OUADIE', 6722, NULL, 1, 0, 0),
(2947, 'AIT BAMMOU', 'ZAIN-AL-ABAIDINE', 6723, NULL, 0, 0, 0),
(2948, 'BILLAUD', 'MAXIME', 6720, NULL, 0, 0, 0),
(2949, 'ACQUISTAPACE', 'ARNAUD', 6722, NULL, 0, 0, 0),
(2950, 'BEETS', 'HUGO', 6723, NULL, 0, 0, 0),
(2951, 'BOGLIONI', 'AMINE', 6720, NULL, 0, 0, 0),
(2952, 'AIT BAHA', 'SAID', 6722, NULL, 0, 0, 0),
(2953, 'BIGORGNE', 'MATTHEO', 6723, NULL, 0, 0, 0),
(2954, 'CLAREN', 'TOM', 6720, NULL, 0, 0, 0),
(2955, 'AIT CHIKHOUNE', 'AMER', 6722, NULL, 0, 0, 0),
(2956, 'BONDON', 'LORIC', 6723, NULL, 0, 0, 0),
(2957, 'CONDENSEAU', 'MATTHILDE', 6720, NULL, 0, 0, 0),
(2958, 'BOUCHATROUCH', 'KAISS', 6722, NULL, 0, 0, 0),
(2959, 'BOUSSER', 'FLORIAN', 6723, NULL, 0, 0, 0),
(2960, 'DAMINI', 'THIBAULT', 6720, NULL, 0, 0, 0),
(2961, 'BRAHMIA', 'NOUREDDINE', 6722, NULL, 0, 0, 0),
(2962, 'BRODIER', 'BAPTISTE', 6723, NULL, 0, 0, 0),
(2963, 'GHELAISSA', 'MOHAMED-AMINE', 6720, NULL, 0, 0, 0),
(2964, 'BROCHOT', 'JOSHUA', 6722, NULL, 0, 0, 0),
(2965, 'CHEMIN', 'MAXIME', 6723, NULL, 0, 0, 0),
(2966, 'GLAD', 'ALEXY', 6720, NULL, 0, 0, 0),
(2967, 'CHOLLET', 'THOMAS', 6722, NULL, 0, 0, 0),
(2968, 'DUBOT', 'GATIEN', 6723, NULL, 0, 0, 0),
(2969, 'GUILLOUET', 'ETHAN', 6720, NULL, 0, 0, 0),
(2970, 'DRAGHI', 'GILLES', 6722, NULL, 0, 0, 0),
(2971, 'ESTREICH', 'ETHAN', 6723, NULL, 1, 0, 0),
(2972, 'GUL', 'CANER', 6720, NULL, 0, 0, 0),
(2973, 'FRIES', 'MATHIAS', 6722, NULL, 0, 0, 0),
(2974, 'FERRIGNO', 'DESIREE', 6723, NULL, 0, 0, 0),
(2975, 'INCEDAL', 'DYLAN', 6720, NULL, 0, 0, 0),
(2976, 'IDOUX', 'CLEMENT', 6722, NULL, 0, 0, 0),
(2977, 'GUILLERAY', 'STANISLAS', 6723, NULL, 0, 0, 0),
(2978, 'KUHNAPFEL', 'MATHIEU', 6720, NULL, 0, 0, 0),
(2979, 'KERBER', 'ALEXANDRE', 6722, NULL, 0, 0, 0),
(2980, 'HALLER', 'MARGAUX', 6723, NULL, 0, 0, 0),
(2981, 'MADENSPACHER', 'LUCAS', 6720, NULL, 0, 0, 0),
(2982, 'KESSELER', 'ALEXANDRE', 6722, NULL, 0, 0, 0),
(2983, 'HEMMERT', 'MAXENCE', 6723, NULL, 0, 0, 0),
(2984, 'MURE', 'TITOUAN', 6720, NULL, 0, 0, 0),
(2985, 'LALLEMAND', 'THEOPHILE', 6722, NULL, 1, 0, 0),
(2986, 'HMAMID', 'IBRAHIM', 6723, NULL, 0, 0, 0),
(2987, 'NORMAND', 'TRYSTAN', 6720, NULL, 0, 0, 0),
(2988, 'LE GALL', 'PIERRE-YVES', 6722, NULL, 0, 0, 0),
(2989, 'HO', 'MEI-YI', 6723, NULL, 0, 0, 0),
(2990, 'PAGES', 'GUILLAUME', 6720, NULL, 0, 0, 0),
(2991, 'MAKOGON', 'DIMITRI', 6722, NULL, 0, 0, 0),
(2992, 'HOFF', 'NICOLAS', 6723, NULL, 1, 0, 0),
(2993, 'PHILLIPS--KLEIN', 'LOAN', 6720, NULL, 0, 0, 0),
(2994, 'MELOSSO', 'TOM', 6722, NULL, 0, 0, 0),
(2995, 'HUMBERT', 'GABIN', 6723, NULL, 0, 0, 0),
(2996, 'SABR', 'WASSIM', 6720, NULL, 1, 0, 0),
(2997, 'MORINON', 'LILIAN', 6722, NULL, 0, 0, 0),
(2998, 'JANTZEN', 'THIBAUT', 6723, NULL, 0, 0, 0),
(2999, 'SAIDANI', 'ANIS', 6720, NULL, 0, 0, 0),
(3000, 'OUHEMMI', 'IMRANE', 6722, NULL, 0, 0, 0),
(3001, 'KURLUKOV', 'MAKSYM', 6723, NULL, 0, 0, 0),
(3002, 'SI ABDALLAH', 'ENZO', 6720, NULL, 0, 0, 0),
(3003, 'PERRI', 'BAPTISTE', 6722, NULL, 0, 0, 0),
(3004, 'LUTZ', 'ARTHUR', 6723, NULL, 0, 0, 0),
(3005, 'SIHARATH', 'NOAH', 6720, NULL, 0, 0, 0),
(3006, 'RAHUEL', 'BASTIEN', 6722, NULL, 0, 0, 0),
(3007, 'PAQUET--KREMER', 'ROBIN', 6723, NULL, 0, 0, 0),
(3008, 'SOULEY ALI', 'RIHAN', 6720, NULL, 1, 0, 0),
(3009, 'RIESE', 'TOM', 6722, NULL, 0, 0, 0),
(3010, 'PORTAIS', 'NICOLAS', 6723, NULL, 0, 0, 0),
(3011, 'TAFIROULT', 'DJIBRIL', 6720, NULL, 0, 0, 0),
(3012, 'SABATIER', 'ROMAIN', 6722, NULL, 0, 0, 0),
(3013, 'RUIZ', 'PAUL', 6723, NULL, 1, 0, 0),
(3014, 'TRIVINO', 'DIEGO', 6722, NULL, 0, 0, 0),
(3015, 'SCHALLER', 'THEO', 6723, NULL, 0, 0, 0),
(3016, 'VARAGNAT', 'CHRIS', 6723, NULL, 0, 0, 0),
(3017, 'VENNER', 'MAXENCE', 6723, NULL, 0, 0, 0),
(3018, 'ANSOUL', 'OWEN', 6711, NULL, 0, 0, 0),
(3019, 'BA', 'ARONA', 6711, NULL, 0, 0, 0),
(3020, 'BENJAMIN', 'SYLVIO', 6711, NULL, 0, 0, 0),
(3021, 'BILLIN', 'JIMMY', 6711, NULL, 0, 0, 0),
(3022, 'CHYLAK', 'KILYAN', 6711, NULL, 0, 0, 0),
(3023, 'HILGER', 'ALEXIS', 6711, NULL, 0, 0, 0),
(3024, 'HOUMADI', 'ONRFANE', 6711, NULL, 0, 0, 0),
(3025, 'IMOGO IMOGO', 'NATHAN', 6711, NULL, 0, 0, 0),
(3026, 'KHEBACHE', 'CAMYL', 6711, NULL, 0, 0, 0),
(3027, 'KOCH', 'LEA', 6711, NULL, 1, 0, 0),
(3028, 'MAKOGON', 'VALENTIN', 6711, NULL, 0, 0, 0),
(3029, 'MEHADJI', 'NAHIM', 6711, NULL, 0, 0, 0),
(3030, 'PECORARO', 'HUGO', 6711, NULL, 0, 0, 0),
(3031, 'PETITJEAN', 'GABRIEL', 6711, NULL, 0, 0, 0),
(3032, 'THOMAS', 'MICKAEL', 6711, NULL, 0, 0, 0),
(3033, 'UNVER', 'UZEYIR', 6711, NULL, 0, 0, 0),
(3034, 'ISHAK', 'Yacine', 6716, NULL, 0, 0, 0);

-- --------------------------------------------------------

--
-- Structure de la table `groupe`
--

CREATE TABLE `groupe` (
  `id_groupe` int(10) UNSIGNED NOT NULL,
  `nom_groupe` varchar(50) NOT NULL,
  `id_promo` int(10) UNSIGNED NOT NULL
) ENGINE=InnoDB DEFAULT CHARSET=utf8mb4 COLLATE=utf8mb4_general_ci;

--
-- Déchargement des données de la table `groupe`
--

INSERT INTO `groupe` (`id_groupe`, `nom_groupe`, `id_promo`) VALUES
(6711, 'Groupe 1', 90),
(6716, 'Groupe 1', 88),
(6717, 'Groupe 2', 88),
(6718, 'Groupe 3', 88),
(6720, 'Groupe 1', 89),
(6722, 'Groupe 2', 89),
(6723, 'Groupe 3', 89),
(6727, '1', 92),
(6728, '2', 92),
(6729, '3', 92),
(6730, '4', 92);

-- --------------------------------------------------------

--
-- Structure de la table `matiere`
--

CREATE TABLE `matiere` (
  `id_mat` int(10) UNSIGNED NOT NULL,
  `nom_mat` varchar(100) NOT NULL,
  `id_promo` int(10) UNSIGNED NOT NULL
) ENGINE=InnoDB DEFAULT CHARSET=utf8mb4 COLLATE=utf8mb4_general_ci;

--
-- Déchargement des données de la table `matiere`
--

INSERT INTO `matiere` (`id_mat`, `nom_mat`, `id_promo`) VALUES
(224, 'Eco-Gestion-Droit', 90),
(230, 'Informatique', 88),
(231, 'Math', 90),
(232, 'Math', 88),
(233, 'Eco-Gestion-Droit', 88),
(234, 'Informatique', 90),
(235, 'Informatique', 89),
(236, 'Math', 89),
(237, 'Eco-Gestion-Droit', 89),
(239, 'Math', 92),
(240, 'Informatique', 92),
(241, 'Eco-Gestion-Droit', 92);

-- --------------------------------------------------------

--
-- Structure de la table `placement`
--

CREATE TABLE `placement` (
  `id_etudiant` int(10) UNSIGNED NOT NULL,
  `id_devoir` int(10) UNSIGNED NOT NULL,
  `id_salle` int(10) UNSIGNED NOT NULL,
  `place_x` int(10) UNSIGNED NOT NULL,
  `place_y` int(10) UNSIGNED NOT NULL
) ENGINE=InnoDB DEFAULT CHARSET=utf8mb4 COLLATE=utf8mb4_general_ci;

-- --------------------------------------------------------

--
-- Structure de la table `plan`
--

CREATE TABLE `plan` (
  `id_plan` int(10) UNSIGNED NOT NULL,
  `donnee` text NOT NULL,
  `capacite_max` int(10) UNSIGNED NOT NULL DEFAULT 0
) ENGINE=InnoDB DEFAULT CHARSET=utf8mb4 COLLATE=utf8mb4_general_ci;

--
-- Déchargement des données de la table `plan`
--

INSERT INTO `plan` (`id_plan`, `donnee`, `capacite_max`) VALUES
(44, '31011111013-11011111011-11011111011-11011111011-11011111011-11011111011-11011111011-11011111011-11011111011-', 0),
(47, '333333333333333-111111111111111-111111111111111-111111111111111-111111111111111-111111111111111-111111111111111-111111111111111-111111111111111-111111111111111-111111111111111-', 0),
(48, '333333333333333-111111111111111-111111111111111-111111111111111-111111111111111-111111111111111-111111111111111-111111111111111-111111111111111-111111111111111-111111111111111-', 0),
(60, '301111111-101111111-101111111-101111111-101111111-101111111-101111111-101111111-101111111-101111111-', 0),
(61, '111113303-111113303-111111101-111111101-111111101-111111101-111111101-111111101-111111101-111111101-', 0),
(62, '11111011111-11111011111-11111011111-', 0),
(68, '111110311111111111011111-111110311111111111011111-111110111111111111011111-311110111111111111011113-311110111111111111011113-311110111111111111011113-311110311111111113011113-311110331111111113011113-311110331111111113011113-311110331111111133011113-311130331111111133011113-333330333331333333011113-', 0),
(69, '11111111-11111111-11111111-11111111-11111111-11111111-11111111-', 0),
(73, '11111111-11111111-11111111-11111111-11111111-', 0),
(74, '111101111-111101111-111101111-111101111-', 0),
(75, '111101111-111101111-111101111-111101111-', 0),
(76, '111111111111111-111111111111111-111111111111111-111111111111111-111111111111111-111111111111111-111111111111111-111111111111111-111111111111111-111111111111111-', 0),
(78, '1110111-1110111-1110111-0000000-1110111-1110111-', 0),
(79, '11110111111-11110111111-11110111111-', 0),
(80, '11110111-11110111-11330333-', 0);

-- --------------------------------------------------------

--
-- Structure de la table `promotion`
--

CREATE TABLE `promotion` (
  `id_promo` int(10) UNSIGNED NOT NULL,
  `nom_promo` varchar(50) NOT NULL,
  `annee` smallint(5) UNSIGNED DEFAULT NULL COMMENT 'Année universitaire (ex: 2025)',
  `id_dpt` int(10) UNSIGNED NOT NULL
) ENGINE=InnoDB DEFAULT CHARSET=utf8mb4 COLLATE=utf8mb4_general_ci;

--
-- Déchargement des données de la table `promotion`
--

INSERT INTO `promotion` (`id_promo`, `nom_promo`, `annee`, `id_dpt`) VALUES
(88, 'BUT2', 2025, 2),
(89, 'BUT3', 2025, 2),
(90, 'BUT2 Passerelle', 2025, 2),
(92, 'BUT1', 2025, 2);

-- --------------------------------------------------------

--
-- Structure de la table `salle`
--

CREATE TABLE `salle` (
  `id_salle` int(10) UNSIGNED NOT NULL,
  `nom_salle` varchar(50) NOT NULL,
  `etage` tinyint(4) DEFAULT 0,
  `id_bat` int(10) UNSIGNED NOT NULL,
  `id_dpt` int(10) UNSIGNED NOT NULL,
  `id_plan` int(10) UNSIGNED NOT NULL,
  `capacite` int(10) UNSIGNED NOT NULL,
  `intercal` tinyint(1) DEFAULT 1,
  `type_salle` enum('TD','TP','AMPHI','AUTRE') NOT NULL DEFAULT 'TD' COMMENT 'Type de salle pour le placement'
) ENGINE=InnoDB DEFAULT CHARSET=utf8mb4 COLLATE=utf8mb4_general_ci;

--
-- Déchargement des données de la table `salle`
--

INSERT INTO `salle` (`id_salle`, `nom_salle`, `etage`, `id_bat`, `id_dpt`, `id_plan`, `capacite`, `intercal`, `type_salle`) VALUES
(48, 'Amphi B (1sur2)', 0, 3, 2, 48, 150, 1, 'TD'),
(61, 'F06', 0, 3, 2, 60, 79, 1, 'TD'),
(63, 'F36', 3, 3, 2, 62, 30, 0, 'TD'),
(70, 'Amphi 3', 0, 2, 2, 68, 212, 1, 'TD'),
(71, 'B09', 0, 3, 2, 69, 56, 1, 'TD'),
(74, 'Amphi 2', 0, 2, 2, 68, 212, 1, 'TD'),
(75, 'Amphi B', 0, 3, 2, 47, 150, 0, 'TD'),
(76, 'F01', 0, 3, 2, 61, 74, 1, 'TD'),
(78, 'E36', 3, 3, 2, 73, 40, 1, 'TD'),
(79, 'E23', 2, 3, 2, 74, 32, 1, 'TD'),
(80, 'E23 - tout', 2, 3, 2, 75, 32, 0, 'TD'),
(81, 'Amphi A', 0, 3, 2, 76, 150, 1, 'TD'),
(82, 'Amphi A (1sur2)', 0, 3, 2, 48, 150, 1, 'TD'),
(84, 'F33', 3, 3, 2, 78, 30, 1, 'TD'),
(85, 'E37', 3, 3, 2, 79, 30, 1, 'TD'),
(86, 'F39', 3, 3, 2, 80, 16, 1, 'TD');

-- --------------------------------------------------------

--
-- Structure de la table `surveille`
--

CREATE TABLE `surveille` (
  `id_ens` int(10) UNSIGNED NOT NULL,
  `id_devoir` int(10) UNSIGNED NOT NULL,
  `id_salle` int(10) UNSIGNED NOT NULL
) ENGINE=InnoDB DEFAULT CHARSET=utf8mb4 COLLATE=utf8mb4_general_ci;

-- --------------------------------------------------------

--
-- Doublure de structure pour la vue `v_groupe_effectif`
-- (Voir ci-dessous la vue réelle)
--
CREATE TABLE `v_groupe_effectif` (
`id_groupe` int(10) unsigned
,`nom_groupe` varchar(50)
,`id_promo` int(10) unsigned
,`nb_etud` bigint(21)
);

-- --------------------------------------------------------

--
-- Doublure de structure pour la vue `v_salle_capacite`
-- (Voir ci-dessous la vue réelle)
--
CREATE TABLE `v_salle_capacite` (
`id_salle` int(10) unsigned
,`nom_salle` varchar(50)
,`capacite_effective` decimal(12,0)
);

-- --------------------------------------------------------

--
-- Structure de la vue `v_groupe_effectif`
--
DROP TABLE IF EXISTS `v_groupe_effectif`;

CREATE ALGORITHM=UNDEFINED DEFINER=`e40250u_appli`@`%` SQL SECURITY DEFINER VIEW `v_groupe_effectif`  AS SELECT `g`.`id_groupe` AS `id_groupe`, `g`.`nom_groupe` AS `nom_groupe`, `g`.`id_promo` AS `id_promo`, count(`e`.`id_etudiant`) AS `nb_etud` FROM (`groupe` `g` left join `etudiant` `e` on(`e`.`id_groupe` = `g`.`id_groupe`)) GROUP BY `g`.`id_groupe`, `g`.`nom_groupe`, `g`.`id_promo` ;

-- --------------------------------------------------------

--
-- Structure de la vue `v_salle_capacite`
--
DROP TABLE IF EXISTS `v_salle_capacite`;

CREATE ALGORITHM=UNDEFINED DEFINER=`e40250u_appli`@`%` SQL SECURITY DEFINER VIEW `v_salle_capacite`  AS SELECT `s`.`id_salle` AS `id_salle`, `s`.`nom_salle` AS `nom_salle`, if(`s`.`intercal` = 1,floor(`p`.`capacite_max` / 2),`p`.`capacite_max`) AS `capacite_effective` FROM (`salle` `s` join `plan` `p` on(`s`.`id_plan` = `p`.`id_plan`)) ;

--
-- Index pour les tables déchargées
--

--
-- Index pour la table `batiment`
--
ALTER TABLE `batiment`
  ADD PRIMARY KEY (`id_bat`);

--
-- Index pour la table `departement`
--
ALTER TABLE `departement`
  ADD PRIMARY KEY (`id_dpt`);

--
-- Index pour la table `devoir`
--
ALTER TABLE `devoir`
  ADD PRIMARY KEY (`id_devoir`),
  ADD KEY `fk_v2_dev_mat` (`id_mat`),
  ADD KEY `idx_devoir_date` (`date_devoir`),
  ADD KEY `idx_devoir_heure` (`heure_devoir`);

--
-- Index pour la table `devoir_groupe`
--
ALTER TABLE `devoir_groupe`
  ADD PRIMARY KEY (`id_devoir`,`id_groupe`),
  ADD KEY `fk_v2_dg_grp` (`id_groupe`);

--
-- Index pour la table `devoir_promo`
--
ALTER TABLE `devoir_promo`
  ADD PRIMARY KEY (`id_devoir`,`id_promo`),
  ADD KEY `fk_v2_dp_promo` (`id_promo`);

--
-- Index pour la table `devoir_salle`
--
ALTER TABLE `devoir_salle`
  ADD PRIMARY KEY (`id_devoir`,`id_salle`),
  ADD KEY `fk_v2_ds_salle` (`id_salle`);

--
-- Index pour la table `enseignant`
--
ALTER TABLE `enseignant`
  ADD PRIMARY KEY (`id_ens`),
  ADD UNIQUE KEY `login` (`login`);

--
-- Index pour la table `enseigne`
--
ALTER TABLE `enseigne`
  ADD PRIMARY KEY (`id_mat`,`id_ens`),
  ADD KEY `fk_v2_ensg_ens` (`id_ens`);

--
-- Index pour la table `etudiant`
--
ALTER TABLE `etudiant`
  ADD PRIMARY KEY (`id_etudiant`),
  ADD KEY `fk_v2_etu_grp` (`id_groupe`),
  ADD KEY `idx_etudiant_nom` (`nom_etudiant`,`prenom_etudiant`),
  ADD KEY `idx_etudiant_tiers_temps` (`tiers_temps`),
  ADD KEY `idx_etudiant_mob_reduite` (`mob_reduite`);

--
-- Index pour la table `groupe`
--
ALTER TABLE `groupe`
  ADD PRIMARY KEY (`id_groupe`),
  ADD KEY `fk_v2_grp_promo` (`id_promo`);

--
-- Index pour la table `matiere`
--
ALTER TABLE `matiere`
  ADD PRIMARY KEY (`id_mat`),
  ADD KEY `fk_v2_mat_promo` (`id_promo`),
  ADD KEY `idx_matiere_nom` (`nom_mat`);

--
-- Index pour la table `placement`
--
ALTER TABLE `placement`
  ADD PRIMARY KEY (`id_etudiant`,`id_devoir`),
  ADD UNIQUE KEY `uq_placement_place` (`id_devoir`,`id_salle`,`place_x`,`place_y`),
  ADD KEY `idx_placement_salle_devoir` (`id_salle`,`id_devoir`),
  ADD KEY `idx_placement_devoir` (`id_devoir`);

--
-- Index pour la table `plan`
--
ALTER TABLE `plan`
  ADD PRIMARY KEY (`id_plan`);

--
-- Index pour la table `promotion`
--
ALTER TABLE `promotion`
  ADD PRIMARY KEY (`id_promo`),
  ADD KEY `fk_v2_promo_dpt` (`id_dpt`);

--
-- Index pour la table `salle`
--
ALTER TABLE `salle`
  ADD PRIMARY KEY (`id_salle`),
  ADD KEY `fk_v2_salle_bat` (`id_bat`),
  ADD KEY `fk_v2_salle_dpt` (`id_dpt`),
  ADD KEY `fk_v2_salle_plan` (`id_plan`);

--
-- Index pour la table `surveille`
--
ALTER TABLE `surveille`
  ADD PRIMARY KEY (`id_ens`,`id_devoir`),
  ADD KEY `fk_v2_surv_dev` (`id_devoir`),
  ADD KEY `fk_v2_surv_salle` (`id_salle`);

--
-- AUTO_INCREMENT pour les tables déchargées
--

--
-- AUTO_INCREMENT pour la table `batiment`
--
ALTER TABLE `batiment`
  MODIFY `id_bat` int(10) UNSIGNED NOT NULL AUTO_INCREMENT, AUTO_INCREMENT=4;

--
-- AUTO_INCREMENT pour la table `departement`
--
ALTER TABLE `departement`
  MODIFY `id_dpt` int(10) UNSIGNED NOT NULL AUTO_INCREMENT, AUTO_INCREMENT=4;

--
-- AUTO_INCREMENT pour la table `devoir`
--
ALTER TABLE `devoir`
  MODIFY `id_devoir` int(10) UNSIGNED NOT NULL AUTO_INCREMENT, AUTO_INCREMENT=1366;

--
-- AUTO_INCREMENT pour la table `enseignant`
--
ALTER TABLE `enseignant`
  MODIFY `id_ens` int(10) UNSIGNED NOT NULL AUTO_INCREMENT, AUTO_INCREMENT=41;

--
-- AUTO_INCREMENT pour la table `etudiant`
--
ALTER TABLE `etudiant`
  MODIFY `id_etudiant` int(10) UNSIGNED NOT NULL AUTO_INCREMENT, AUTO_INCREMENT=3035;

--
-- AUTO_INCREMENT pour la table `groupe`
--
ALTER TABLE `groupe`
  MODIFY `id_groupe` int(10) UNSIGNED NOT NULL AUTO_INCREMENT, AUTO_INCREMENT=6731;

--
-- AUTO_INCREMENT pour la table `matiere`
--
ALTER TABLE `matiere`
  MODIFY `id_mat` int(10) UNSIGNED NOT NULL AUTO_INCREMENT, AUTO_INCREMENT=242;

--
-- AUTO_INCREMENT pour la table `plan`
--
ALTER TABLE `plan`
  MODIFY `id_plan` int(10) UNSIGNED NOT NULL AUTO_INCREMENT, AUTO_INCREMENT=81;

--
-- AUTO_INCREMENT pour la table `promotion`
--
ALTER TABLE `promotion`
  MODIFY `id_promo` int(10) UNSIGNED NOT NULL AUTO_INCREMENT, AUTO_INCREMENT=93;

--
-- AUTO_INCREMENT pour la table `salle`
--
ALTER TABLE `salle`
  MODIFY `id_salle` int(10) UNSIGNED NOT NULL AUTO_INCREMENT, AUTO_INCREMENT=87;

--
-- Contraintes pour les tables déchargées
--

--
-- Contraintes pour la table `devoir`
--
ALTER TABLE `devoir`
  ADD CONSTRAINT `fk_v2_dev_mat` FOREIGN KEY (`id_mat`) REFERENCES `matiere` (`id_mat`) ON DELETE SET NULL ON UPDATE CASCADE;

--
-- Contraintes pour la table `devoir_groupe`
--
ALTER TABLE `devoir_groupe`
  ADD CONSTRAINT `fk_v2_dg_dev` FOREIGN KEY (`id_devoir`) REFERENCES `devoir` (`id_devoir`) ON DELETE CASCADE ON UPDATE CASCADE,
  ADD CONSTRAINT `fk_v2_dg_grp` FOREIGN KEY (`id_groupe`) REFERENCES `groupe` (`id_groupe`) ON DELETE CASCADE ON UPDATE CASCADE;

--
-- Contraintes pour la table `devoir_promo`
--
ALTER TABLE `devoir_promo`
  ADD CONSTRAINT `fk_v2_dp_dev` FOREIGN KEY (`id_devoir`) REFERENCES `devoir` (`id_devoir`) ON DELETE CASCADE ON UPDATE CASCADE,
  ADD CONSTRAINT `fk_v2_dp_promo` FOREIGN KEY (`id_promo`) REFERENCES `promotion` (`id_promo`) ON DELETE CASCADE ON UPDATE CASCADE;

--
-- Contraintes pour la table `devoir_salle`
--
ALTER TABLE `devoir_salle`
  ADD CONSTRAINT `fk_v2_ds_dev` FOREIGN KEY (`id_devoir`) REFERENCES `devoir` (`id_devoir`) ON DELETE CASCADE ON UPDATE CASCADE,
  ADD CONSTRAINT `fk_v2_ds_salle` FOREIGN KEY (`id_salle`) REFERENCES `salle` (`id_salle`) ON DELETE CASCADE ON UPDATE CASCADE;

--
-- Contraintes pour la table `enseigne`
--
ALTER TABLE `enseigne`
  ADD CONSTRAINT `fk_v2_ensg_ens` FOREIGN KEY (`id_ens`) REFERENCES `enseignant` (`id_ens`) ON DELETE CASCADE ON UPDATE CASCADE,
  ADD CONSTRAINT `fk_v2_ensg_mat` FOREIGN KEY (`id_mat`) REFERENCES `matiere` (`id_mat`) ON DELETE CASCADE ON UPDATE CASCADE;

--
-- Contraintes pour la table `etudiant`
--
ALTER TABLE `etudiant`
  ADD CONSTRAINT `fk_v2_etu_grp` FOREIGN KEY (`id_groupe`) REFERENCES `groupe` (`id_groupe`) ON DELETE CASCADE ON UPDATE CASCADE;

--
-- Contraintes pour la table `groupe`
--
ALTER TABLE `groupe`
  ADD CONSTRAINT `fk_v2_grp_promo` FOREIGN KEY (`id_promo`) REFERENCES `promotion` (`id_promo`) ON DELETE CASCADE ON UPDATE CASCADE;

--
-- Contraintes pour la table `matiere`
--
ALTER TABLE `matiere`
  ADD CONSTRAINT `fk_v2_mat_promo` FOREIGN KEY (`id_promo`) REFERENCES `promotion` (`id_promo`) ON DELETE CASCADE ON UPDATE CASCADE;

--
-- Contraintes pour la table `placement`
--
ALTER TABLE `placement`
  ADD CONSTRAINT `fk_v2_plac_dev` FOREIGN KEY (`id_devoir`) REFERENCES `devoir` (`id_devoir`) ON DELETE CASCADE ON UPDATE CASCADE,
  ADD CONSTRAINT `fk_v2_plac_etu` FOREIGN KEY (`id_etudiant`) REFERENCES `etudiant` (`id_etudiant`) ON DELETE CASCADE ON UPDATE CASCADE,
  ADD CONSTRAINT `fk_v2_plac_salle` FOREIGN KEY (`id_salle`) REFERENCES `salle` (`id_salle`) ON DELETE CASCADE ON UPDATE CASCADE;

--
-- Contraintes pour la table `promotion`
--
ALTER TABLE `promotion`
  ADD CONSTRAINT `fk_v2_promo_dpt` FOREIGN KEY (`id_dpt`) REFERENCES `departement` (`id_dpt`) ON DELETE CASCADE ON UPDATE CASCADE;

--
-- Contraintes pour la table `salle`
--
ALTER TABLE `salle`
  ADD CONSTRAINT `fk_v2_salle_bat` FOREIGN KEY (`id_bat`) REFERENCES `batiment` (`id_bat`) ON UPDATE CASCADE,
  ADD CONSTRAINT `fk_v2_salle_dpt` FOREIGN KEY (`id_dpt`) REFERENCES `departement` (`id_dpt`) ON UPDATE CASCADE,
  ADD CONSTRAINT `fk_v2_salle_plan` FOREIGN KEY (`id_plan`) REFERENCES `plan` (`id_plan`) ON UPDATE CASCADE;

--
-- Contraintes pour la table `surveille`
--
ALTER TABLE `surveille`
  ADD CONSTRAINT `fk_v2_surv_dev` FOREIGN KEY (`id_devoir`) REFERENCES `devoir` (`id_devoir`) ON DELETE CASCADE ON UPDATE CASCADE,
  ADD CONSTRAINT `fk_v2_surv_ens` FOREIGN KEY (`id_ens`) REFERENCES `enseignant` (`id_ens`) ON DELETE CASCADE ON UPDATE CASCADE,
  ADD CONSTRAINT `fk_v2_surv_salle` FOREIGN KEY (`id_salle`) REFERENCES `salle` (`id_salle`) ON DELETE CASCADE ON UPDATE CASCADE;
COMMIT;

/*!40101 SET CHARACTER_SET_CLIENT=@OLD_CHARACTER_SET_CLIENT */;
/*!40101 SET CHARACTER_SET_RESULTS=@OLD_CHARACTER_SET_RESULTS */;
/*!40101 SET COLLATION_CONNECTION=@OLD_COLLATION_CONNECTION */;
